CreditScore,Age,Tenure,Balance,EstimatedSalary,Geography,Gender,NumOfProducts,HasCrCard,IsActiveMember,Exited
650,42,4,194532.66,171045.31,Spain,Male,1,1,0,1
625,35,5,86147.46,163440.8,Germany,Female,2,1,0,1
558,45,1,153697.53,89891.4,France,Female,2,0,0,1
608,63,3,139529.93,175696.16,Spain,Female,2,1,1,1
672,50,1,0.0,12106.82,France,Female,1,1,0,1
659,42,2,0.0,162734.31,Spain,Female,1,0,0,1
609,61,1,0.0,22447.85,Spain,Male,1,1,0,1
839,47,2,136911.07,168184.62,Germany,Male,1,1,1,1
421,28,8,122384.22,89017.38,Germany,Male,3,1,1,1
622,30,2,158584.82,142342.55,France,Female,3,1,0,1
518,29,9,125961.74,160303.08,Germany,Male,2,1,0,1
751,48,9,0.0,137508.42,France,Female,1,1,0,1
700,47,4,0.0,121798.52,Spain,Male,1,1,0,1
613,20,0,117356.19,113557.7,Germany,Female,1,0,0,1
561,49,1,102025.32,133051.64,Germany,Female,1,1,0,1
686,45,3,74274.87,64907.48,Spain,Male,3,1,0,1
790,50,8,121438.58,176471.78,Germany,Male,1,1,1,1
778,35,1,151958.19,131238.37,Germany,Female,3,1,1,1
703,39,1,141559.5,31257.1,Germany,Male,1,1,1,1
813,36,6,98088.09,26687.22,Germany,Female,1,0,1,1
756,60,3,115924.89,93524.19,Germany,Female,1,1,0,1
813,29,5,106059.4,187976.88,Germany,Female,1,0,0,1
484,54,3,134388.11,49954.79,Germany,Male,1,0,0,1
753,46,8,0.0,90747.94,France,Male,3,1,0,1
747,45,1,114959.12,189362.39,France,Female,1,1,0,1
460,27,7,0.0,156150.08,France,Female,2,1,0,1
702,26,2,71281.29,108747.12,France,Male,1,1,1,1
540,48,2,109349.29,88703.04,France,Male,1,1,0,1
558,41,6,0.0,143585.29,France,Female,1,1,1,1
691,52,3,0.0,175843.68,France,Male,1,1,0,1
611,58,8,0.0,107665.68,France,Male,2,0,1,1
745,45,10,117231.63,122381.02,Germany,Male,3,1,1,1
572,43,2,140431.98,26450.57,France,Male,1,1,0,1
630,29,6,131354.39,9324.31,Germany,Male,1,0,1,1
677,56,5,123959.97,60590.72,Spain,Male,1,1,1,1
516,45,4,0.0,95273.73,France,Female,1,1,0,1
713,48,1,163760.82,157381.14,Spain,Female,1,0,0,1
629,46,1,130666.2,161125.67,France,Male,1,1,1,1
601,42,1,98495.72,40014.76,Germany,Male,1,1,0,1
811,52,10,76915.4,146359.81,Germany,Male,1,0,0,1
528,62,7,133201.17,168507.68,Germany,Female,1,0,0,1
713,26,4,122857.46,144682.17,Spain,Female,2,1,0,1
578,59,10,185966.64,9445.42,France,Male,1,0,0,1
514,45,3,109032.23,155407.21,Germany,Female,1,0,1,1
737,39,7,130051.66,55356.39,Spain,Female,2,0,0,1
779,71,3,0.0,146895.36,France,Male,2,1,1,1
529,38,7,99842.5,90256.06,Spain,Male,2,1,0,1
535,30,5,122924.75,62390.59,Spain,Female,1,0,0,1
559,45,8,24043.45,169781.45,France,Male,1,0,1,1
714,49,4,93059.34,7571.51,Germany,Female,1,1,0,1
707,40,1,0.0,14090.4,France,Male,2,1,0,1
597,53,4,88381.21,69384.71,France,Female,1,1,0,1
612,62,8,140745.33,193437.89,Germany,Female,1,1,0,1
786,33,0,83036.05,154990.58,France,Female,1,0,1,1
676,49,1,0.0,79342.31,France,Female,1,1,0,1
655,32,6,130935.56,9241.83,Germany,Female,1,1,0,1
634,48,2,107247.69,103712.05,Germany,Male,1,1,1,1
619,42,2,0.0,101348.88,France,Female,1,1,1,1
601,48,9,163630.76,41816.49,Germany,Male,1,0,1,1
835,20,4,124365.42,180197.74,Germany,Male,1,0,0,1
598,59,8,118210.42,60192.14,Germany,Male,2,0,0,1
678,41,1,143443.61,196622.28,France,Female,1,1,0,1
715,34,9,102277.52,177852.57,Germany,Female,1,0,0,1
535,48,9,0.0,149892.79,France,Female,1,1,0,1
654,32,2,0.0,51972.92,Spain,Female,1,1,1,1
663,52,0,136298.65,144593.3,Spain,Male,1,1,0,1
523,41,0,119276.31,122284.38,Germany,Male,1,0,0,1
513,45,0,164649.52,49915.52,France,Female,3,1,0,1
648,43,1,107963.38,186438.86,Germany,Female,1,0,0,1
844,56,5,99529.7,157230.06,Spain,Male,1,0,1,1
551,50,1,121399.98,84508.44,Germany,Male,1,0,1,1
568,36,10,153610.61,54083.8,Spain,Female,1,1,1,1
713,53,6,115029.4,191521.32,France,Male,1,0,0,1
702,40,1,103549.24,9712.52,France,Female,1,0,0,1
618,46,6,150213.71,120668.46,France,Female,1,1,0,1
676,26,1,108348.66,60231.74,Germany,Female,1,0,0,1
786,33,0,122325.58,34712.34,Germany,Female,1,0,0,1
626,47,2,103108.8,166475.44,Germany,Female,1,0,1,1
710,51,4,93656.95,141400.51,Spain,Female,1,0,1,1
699,64,9,113109.52,27980.8,France,Male,1,1,0,1
539,47,2,127286.04,166929.43,France,Female,2,1,1,1
710,24,2,110407.44,15832.43,Germany,Female,2,0,0,1
637,51,1,104682.83,55266.96,Germany,Male,1,1,0,1
790,46,9,0.0,14679.81,Spain,Female,1,0,0,1
501,43,6,104533.24,81123.59,Spain,Male,1,0,0,1
628,50,4,143054.56,109608.81,France,Female,1,0,1,1
789,53,1,158271.74,5036.39,France,Female,1,1,1,1
656,34,6,59877.33,14032.62,Spain,Female,1,1,0,1
799,63,1,110314.21,37464.0,France,Female,2,1,0,1
651,29,3,121890.06,54530.51,Germany,Male,1,1,0,1
584,66,5,0.0,49553.38,France,Female,1,1,0,1
721,40,6,100275.88,138564.48,Germany,Male,1,1,0,1
773,47,2,118079.47,143007.49,Germany,Male,4,1,1,1
605,57,2,0.0,66652.75,Spain,Female,3,1,0,1
721,32,10,0.0,136119.96,Spain,Female,1,1,0,1
651,35,7,74623.5,129451.29,France,Male,3,1,0,1
537,46,5,100727.5,140857.76,Germany,Female,1,0,1,1
618,49,9,44301.43,89729.3,France,Female,3,1,1,1
401,48,8,128140.17,175753.55,Germany,Male,1,1,0,1
644,40,9,137285.26,77063.63,France,Female,4,1,0,1
559,38,3,145874.35,56311.39,Spain,Male,1,1,0,1
663,58,5,216109.88,74176.71,Spain,Female,1,0,1,1
606,39,3,0.0,50560.45,France,Female,2,1,0,1
637,30,1,122185.53,102566.46,Germany,Male,1,1,0,1
737,36,9,0.0,188670.9,France,Male,1,0,1,1
565,58,3,108888.24,135875.51,Germany,Female,3,0,1,1
749,54,3,144768.94,93336.3,Germany,Male,1,1,0,1
824,26,7,146266.0,21903.62,France,Male,1,1,0,1
768,48,3,122831.58,24533.89,Germany,Male,1,1,1,1
723,30,1,0.0,164647.72,Spain,Male,3,1,0,1
817,44,8,0.0,65501.91,France,Male,1,0,0,1
420,55,4,91893.32,144870.28,Spain,Female,1,1,0,1
589,45,1,0.0,125939.22,Spain,Female,1,0,0,1
610,41,6,0.0,56118.81,France,Male,3,0,0,1
720,46,3,97042.6,133516.51,Germany,Male,1,1,1,1
771,56,2,0.0,25222.6,Spain,Female,1,1,1,1
750,37,6,0.0,117948.0,France,Female,1,1,1,1
529,43,0,123815.86,78463.99,France,Female,1,1,1,1
714,51,4,88308.87,5862.53,France,Female,3,0,0,1
674,44,4,131593.85,171345.02,Germany,Female,1,0,1,1
548,46,1,0.0,104469.06,France,Female,1,1,1,1
644,18,7,0.0,59645.24,Spain,Male,1,0,1,1
465,53,1,117438.17,74898.8,Germany,Male,1,0,0,1
684,63,3,81245.79,69643.31,Germany,Female,1,1,0,1
788,49,4,137455.99,184178.29,Germany,Female,1,1,0,1
606,48,4,132403.56,36091.91,Germany,Male,1,0,0,1
815,56,3,0.0,94248.16,France,Female,3,1,1,1
625,45,3,0.0,184474.15,France,Female,1,1,1,1
628,51,10,115280.49,12628.61,Germany,Female,2,0,0,1
628,46,1,46870.43,31272.14,France,Female,4,1,0,1
568,43,5,87612.64,107155.4,Germany,Male,4,1,1,1
482,48,2,69329.47,102640.52,Germany,Female,1,0,0,1
517,56,9,142147.32,39488.04,France,Male,1,0,0,1
724,31,5,0.0,134889.95,France,Male,1,1,0,1
602,26,8,113674.2,197861.16,Germany,Female,1,1,0,1
576,55,6,44582.07,67539.85,France,Female,3,0,1,1
630,39,10,105473.74,58854.88,Spain,Male,1,0,0,1
474,54,3,0.0,108409.17,France,Male,1,1,0,1
651,35,0,181821.96,36923.67,France,Male,2,0,1,1
590,54,4,0.0,93820.49,France,Female,2,1,1,1
850,40,9,99816.46,163989.66,France,Female,1,1,1,1
706,48,10,104478.12,158248.71,Germany,Female,3,0,1,1
555,46,4,120392.99,177719.88,Germany,Female,1,1,0,1
583,57,3,238387.56,147964.99,France,Female,1,0,1,1
725,36,4,118520.26,131173.9,Spain,Female,1,0,0,1
667,23,6,136100.69,169669.33,Spain,Female,2,0,0,1
467,28,10,126315.26,32349.29,Germany,Male,1,1,0,1
382,36,0,0.0,179540.73,Spain,Male,1,1,1,1
376,29,4,115046.74,119346.88,Germany,Female,4,1,0,1
585,35,2,0.0,98621.04,France,Female,2,1,0,1
688,51,5,0.0,91624.11,France,Female,1,1,0,1
641,35,2,103711.56,192464.21,Germany,Male,1,0,1,1
793,54,2,128966.13,18633.4,Germany,Male,1,0,0,1
713,33,6,94598.48,197519.66,France,Male,1,0,0,1
635,58,1,0.0,58907.08,France,Female,1,1,1,1
569,41,4,120243.49,163150.03,France,Male,1,1,0,1
710,62,9,148214.36,48571.14,Germany,Female,1,1,0,1
552,49,4,0.0,190296.76,France,Male,1,1,1,1
540,22,4,0.0,186233.26,France,Male,3,1,1,1
651,46,4,89743.05,156425.57,Spain,Female,1,1,0,1
667,43,8,190227.46,97508.04,France,Male,1,1,0,1
661,47,5,0.0,107243.31,France,Male,1,0,1,1
735,38,1,0.0,92220.12,France,Female,3,0,0,1
569,28,3,100032.52,5159.21,Germany,Female,1,1,0,1
742,44,8,107926.02,17375.27,Germany,Female,1,0,1,1
513,44,1,63562.02,52629.73,France,Male,2,0,1,1
655,41,5,0.0,36548.0,France,Female,1,0,0,1
666,50,7,109062.28,140136.1,Germany,Female,1,1,1,1
710,43,9,128284.45,32996.89,France,Male,1,1,0,1
773,41,5,0.0,28266.9,Spain,Female,1,1,0,1
706,46,2,127660.46,150156.82,Spain,Female,2,1,0,1
557,42,6,177822.03,150944.31,France,Male,1,1,0,1
812,39,5,115730.71,185599.34,Germany,Male,3,1,1,1
569,42,1,0.0,83629.6,Spain,Female,1,1,1,1
603,35,1,123407.69,152541.89,Germany,Male,1,1,0,1
575,36,7,0.0,55868.97,France,Male,1,1,1,1
549,41,9,95020.8,131710.59,Germany,Male,3,1,1,1
499,57,1,0.0,131372.38,France,Female,1,0,0,1
738,43,9,121152.05,64166.7,Germany,Male,2,1,0,1
664,44,7,77526.66,57338.56,Spain,Male,3,0,0,1
610,49,6,113882.33,195813.81,Germany,Male,1,1,0,1
725,45,8,116917.07,173464.43,Germany,Male,1,0,0,1
399,46,2,127655.22,139994.68,Germany,Male,1,1,0,1
756,60,2,0.0,166513.49,France,Male,1,1,1,1
780,37,10,95196.26,126310.39,Germany,Female,1,1,0,1
698,56,1,112414.81,93982.02,Germany,Male,2,0,0,1
539,38,8,105435.74,80575.44,Germany,Female,1,0,0,1
614,41,7,179915.85,14666.35,Spain,Female,1,0,0,1
644,44,5,73348.56,157166.79,France,Male,1,1,0,1
727,37,9,101191.83,34551.35,Germany,Male,1,1,1,1
742,60,4,0.0,13161.66,France,Female,1,1,1,1
610,50,1,113957.01,196526.55,Germany,Male,2,1,0,1
850,35,1,211774.31,188574.12,France,Female,1,1,0,1
625,43,8,201696.07,133020.9,France,Male,1,1,0,1
712,33,3,153819.58,79176.09,France,Male,1,1,0,1
430,60,7,73937.02,161937.62,France,Female,1,1,0,1
655,50,10,0.0,179267.94,France,Female,4,1,0,1
496,55,4,125292.53,31532.96,Germany,Female,1,1,1,1
587,35,5,121863.61,23481.69,Germany,Male,1,1,1,1
743,43,5,0.0,113079.19,France,Male,2,0,0,1
571,42,4,108825.34,55558.51,France,Female,3,1,0,1
561,56,7,152759.0,133167.11,France,Male,2,1,0,1
750,52,6,107467.56,126233.18,Germany,Female,1,1,0,1
604,33,3,0.0,42171.13,France,Male,1,1,0,1
800,40,5,97764.41,98640.15,France,Female,1,1,0,1
772,48,6,108736.52,184564.67,Germany,Female,1,1,0,1
675,40,8,79035.95,142783.98,Spain,Female,1,1,0,1
591,51,8,132508.3,161304.68,Germany,Female,1,1,1,1
722,43,1,0.0,44560.17,Spain,Male,1,1,0,1
474,33,5,0.0,181945.52,France,Male,2,1,0,1
746,30,1,112666.67,11710.4,Spain,Male,1,0,0,1
676,37,5,89634.69,169583.18,France,Female,1,1,1,1
609,71,6,113317.1,108258.22,Germany,Female,1,1,0,1
667,48,1,97133.92,113316.77,Germany,Female,2,0,0,1
797,55,10,0.0,49418.87,France,Female,4,1,1,1
650,41,3,128808.65,113677.53,Spain,Male,3,0,0,1
549,54,5,92877.33,2619.64,Germany,Male,1,1,0,1
547,49,2,0.0,65466.93,France,Female,1,0,0,1
617,37,4,116471.43,175324.74,Germany,Female,2,1,0,1
783,58,3,127539.3,96590.39,Germany,Female,1,1,1,1
590,51,3,154962.99,191932.27,Spain,Female,3,0,1,1
545,47,8,105792.49,67830.2,France,Male,1,0,1,1
688,35,6,0.0,25488.43,Spain,Female,1,1,0,1
629,39,10,0.0,43174.49,France,Female,2,1,1,1
620,61,5,0.0,31641.52,France,Male,1,0,0,1
563,41,2,100520.92,19412.8,Germany,Male,1,1,1,1
689,28,5,95328.6,6129.61,Spain,Female,1,1,0,1
770,70,9,110738.89,22666.77,France,Female,1,1,0,1
712,36,2,100749.5,70758.37,France,Male,3,0,0,1
612,30,9,142910.15,105890.55,Germany,Male,1,1,0,1
550,40,8,150490.32,166468.21,France,Female,1,0,0,1
516,27,9,0.0,142680.64,France,Male,1,1,0,1
749,47,9,110022.74,135655.29,Germany,Male,1,0,1,1
740,40,4,114318.78,129333.69,Germany,Male,2,1,0,1
673,34,8,42157.08,20598.59,France,Female,1,1,0,1
772,42,3,75075.31,92888.52,Germany,Male,2,1,0,1
737,43,1,125537.38,138510.01,Germany,Female,1,1,0,1
523,73,7,0.0,130883.9,France,Female,2,0,0,1
709,36,7,0.0,42085.58,France,Female,1,0,1,1
677,34,3,126729.41,26106.39,Germany,Male,1,1,1,1
526,33,8,114634.63,110114.38,Spain,Female,2,1,0,1
807,28,7,165969.26,156122.13,Spain,Female,3,1,0,1
597,60,0,131778.08,10703.53,France,Female,1,0,0,1
582,38,9,135979.01,76582.95,France,Female,4,1,1,1
633,40,4,150578.0,34670.62,France,Male,1,0,1,1
689,38,5,75075.14,8651.92,Spain,Male,1,1,1,1
795,56,5,0.0,35418.69,Spain,Female,1,1,0,1
605,51,3,136188.78,67110.59,France,Female,1,1,1,1
562,51,1,124662.54,65390.46,France,Female,1,1,1,1
738,58,2,133745.44,28373.86,Germany,Male,4,1,0,1
551,27,2,113873.22,85129.77,Spain,Male,1,1,1,1
844,40,7,113348.14,31904.31,France,Male,1,1,0,1
507,31,2,134237.07,166423.66,Germany,Male,1,1,1,1
815,45,7,0.0,52885.23,France,Male,1,0,1,1
483,44,5,136836.49,192359.9,France,Female,1,1,0,1
807,47,9,167664.83,125440.11,France,Female,1,0,0,1
641,65,6,38340.02,32607.77,France,Male,1,1,0,1
663,22,9,0.0,29135.89,Spain,Female,1,1,0,1
635,40,10,123497.58,131953.23,France,Female,1,1,0,1
351,57,4,163146.46,169621.69,Germany,Female,1,1,0,1
469,31,6,0.0,146213.75,Spain,Female,1,1,0,1
510,44,4,123070.89,28461.29,Germany,Female,1,1,0,1
785,61,4,129855.72,170214.82,Spain,Female,2,1,0,1
732,50,6,145338.76,91936.1,Germany,Male,1,0,0,1
447,43,2,0.0,33879.26,France,Male,2,1,0,1
556,46,3,131764.96,108500.66,Spain,Male,1,1,1,1
651,56,4,0.0,84383.22,France,Female,1,0,0,1
581,40,0,101016.53,7926.35,Germany,Male,1,0,1,1
850,28,4,147972.19,60708.72,Germany,Male,1,1,0,1
517,62,1,43772.66,187756.24,France,Male,3,1,0,1
438,59,7,127197.14,51565.98,Germany,Male,1,1,0,1
735,43,9,98807.45,184570.04,Germany,Female,1,0,0,1
794,57,3,117056.46,93336.93,Germany,Male,1,1,0,1
752,35,2,0.0,44335.54,Spain,Female,1,1,0,1
625,36,9,108546.16,133807.77,France,Male,3,1,0,1
635,65,5,117325.54,155799.86,Germany,Female,1,1,0,1
581,38,1,133105.47,105732.9,Germany,Male,1,1,0,1
631,48,1,106396.48,150661.42,Germany,Male,1,1,1,1
655,44,6,146498.76,64853.51,Germany,Female,1,1,0,1
532,43,9,0.0,190573.91,France,Male,2,0,0,1
641,40,9,0.0,151648.66,France,Female,1,0,0,1
610,45,3,0.0,38276.84,Spain,Female,1,1,0,1
658,40,7,140596.95,135459.02,France,Female,1,0,1,1
781,27,7,186558.55,175071.29,France,Female,1,1,1,1
580,24,1,133811.78,17185.95,Germany,Male,1,1,0,1
729,39,6,127415.85,184977.2,Germany,Male,1,1,1,1
743,59,5,108585.35,192127.22,Germany,Male,1,1,1,1
649,56,8,156974.26,89405.26,France,Female,1,1,0,1
543,42,4,89838.71,85983.54,France,Male,3,1,0,1
705,43,10,146547.78,10072.55,Germany,Female,1,0,1,1
572,48,3,152827.99,38411.79,Germany,Female,1,1,0,1
778,33,9,151772.63,180249.94,France,Female,2,0,0,1
621,55,7,131033.76,75685.59,Germany,Female,1,0,1,1
660,42,5,0.0,189016.24,Spain,Female,3,1,1,1
683,40,4,95053.1,116816.54,Spain,Male,1,1,1,1
850,44,7,89118.26,104240.77,Spain,Male,1,1,0,1
781,48,9,82794.18,124720.68,Germany,Female,1,1,0,1
648,46,9,127209.0,77405.95,Spain,Male,2,1,0,1
566,65,4,120100.41,107563.16,Germany,Male,1,1,0,1
524,32,6,0.0,132861.9,Spain,Female,1,1,1,1
703,51,3,0.0,77294.56,France,Female,3,1,1,1
777,32,2,0.0,136458.19,France,Female,1,1,0,1
622,42,9,115766.26,72155.85,Germany,Male,1,0,0,1
834,49,2,131394.56,194365.76,France,Female,1,0,0,1
640,43,7,132412.38,69584.3,France,Male,1,0,0,1
672,53,9,169406.33,147311.47,France,Female,4,1,1,1
645,49,5,110132.55,187689.91,Spain,Female,3,0,1,1
529,38,2,0.0,146388.85,France,Female,1,1,0,1
671,51,3,96891.46,176403.33,Germany,Male,1,1,0,1
711,51,7,0.0,38409.79,France,Male,3,1,0,1
668,39,0,122104.79,112946.67,Germany,Female,1,1,0,1
668,53,10,110240.04,183980.56,France,Female,1,0,0,1
641,48,3,147341.43,157458.61,France,Female,1,1,1,1
677,28,0,143988.0,8755.69,Germany,Male,2,1,0,1
685,44,2,119657.53,145387.05,Germany,Female,1,1,0,1
792,59,9,101609.77,161479.19,Germany,Female,1,0,0,1
817,55,10,117561.49,95941.55,France,Female,1,1,0,1
486,62,9,118356.89,168034.83,Germany,Male,2,1,0,1
692,45,6,142084.04,188305.85,Germany,Male,4,1,0,1
547,41,3,151191.31,175295.89,Germany,Male,1,1,0,1
533,51,6,127545.56,79559.02,Germany,Male,2,0,0,1
768,47,5,104552.61,48137.08,Germany,Female,1,1,0,1
612,35,1,0.0,83256.26,Spain,Male,1,1,1,1
522,34,9,126436.29,174248.52,Spain,Male,1,1,0,1
638,55,2,155828.22,108987.25,Spain,Female,1,0,1,1
493,54,3,167831.88,150159.95,France,Male,2,1,0,1
736,42,7,117280.23,41921.06,France,Female,3,0,0,1
595,45,9,106000.12,191448.96,Germany,Female,1,0,0,1
850,70,1,96947.58,62282.99,Germany,Female,3,1,0,1
598,40,9,0.0,68462.59,France,Female,1,1,0,1
556,52,9,0.0,175149.2,France,Female,1,1,0,1
706,46,4,105214.58,108699.59,Germany,Female,1,1,0,1
698,45,5,164450.94,141970.02,Spain,Male,1,1,0,1
653,37,3,125734.2,134625.09,Germany,Female,2,1,0,1
498,42,3,152039.7,53445.17,Germany,Male,1,1,1,1
546,45,2,0.0,197789.83,Spain,Female,1,0,0,1
526,50,5,124233.24,159456.87,Germany,Male,1,0,1,1
554,30,6,135370.12,179689.05,Spain,Male,1,1,1,1
834,36,8,142882.49,89983.02,France,Male,1,1,0,1
582,46,8,67563.31,44506.09,Spain,Female,1,1,0,1
717,35,1,0.0,174770.14,Spain,Male,3,0,0,1
791,42,10,113657.41,139946.68,Germany,Female,2,0,1,1
651,45,1,0.0,67740.08,France,Male,1,1,0,1
620,70,3,87926.24,33350.26,France,Female,2,1,0,1
699,40,7,0.0,152876.13,France,Male,1,0,1,1
637,48,7,130806.99,132005.85,France,Female,2,1,1,1
625,57,7,0.0,84106.17,Spain,Female,1,0,0,1
430,66,6,135392.31,172852.06,Germany,Female,2,1,1,1
666,47,5,0.0,166650.9,Spain,Female,1,0,0,1
655,38,3,250898.09,81054.0,Spain,Male,3,0,1,1
753,40,0,3768.69,177065.24,France,Female,2,1,0,1
490,40,1,0.0,49594.19,France,Female,1,1,1,1
642,48,9,118317.27,78702.98,France,Male,4,0,0,1
731,49,4,88826.07,33759.41,Germany,Female,1,1,1,1
705,47,3,63488.7,28640.92,Spain,Female,1,0,1,1
809,50,10,118098.62,100720.02,Germany,Male,1,1,1,1
667,39,2,0.0,40721.24,Spain,Female,2,1,0,1
790,46,8,182364.53,139266.48,Spain,Male,1,0,0,1
641,33,2,146193.6,55796.83,France,Male,2,1,1,1
701,63,3,120916.52,144727.45,Germany,Male,3,0,0,1
583,40,3,54428.37,109638.78,Spain,Female,1,1,0,1
491,68,1,95039.12,116471.14,Germany,Female,1,0,1,1
621,40,8,174126.75,172490.78,Germany,Male,3,1,0,1
633,47,0,0.0,6342.84,France,Female,1,1,1,1
591,56,9,128882.49,196241.94,France,Female,1,1,1,1
670,40,2,164948.98,177028.0,Germany,Male,3,0,0,1
404,54,4,125456.07,83715.66,Germany,Female,1,1,0,1
536,53,2,143923.96,2019.78,Spain,Male,1,1,0,1
544,53,9,0.0,125692.07,Spain,Female,1,1,0,1
543,57,1,106138.33,120657.32,Germany,Female,2,1,1,1
776,33,8,115130.34,129525.5,Germany,Male,1,0,0,1
691,37,7,123067.63,98162.44,Germany,Female,1,1,1,1
739,54,8,126418.14,134420.75,Germany,Male,1,1,0,1
516,50,5,0.0,146145.93,Spain,Male,1,0,1,1
682,52,5,112670.48,21085.17,France,Female,1,1,0,1
692,33,9,0.0,113505.93,France,Male,1,1,0,1
689,55,1,76296.81,42364.75,Germany,Female,1,1,0,1
659,49,1,0.0,116249.72,France,Female,1,1,0,1
520,46,10,85216.61,117369.52,France,Female,1,1,0,1
805,45,9,116585.97,189428.75,Germany,Female,1,1,0,1
581,54,2,152508.99,187597.98,Germany,Female,1,1,0,1
706,67,1,123276.69,86507.88,Germany,Male,2,1,1,1
645,43,9,140121.17,11302.7,Germany,Male,1,1,0,1
727,31,0,0.0,121751.04,Spain,Female,1,1,0,1
637,55,1,123378.2,81431.99,Germany,Female,1,1,0,1
569,66,2,0.0,130784.2,France,Male,1,1,0,1
686,47,5,170935.94,173179.79,Germany,Female,1,1,0,1
511,45,5,68375.27,193160.25,France,Male,1,1,0,1
688,36,0,89772.3,177383.68,Spain,Male,1,1,0,1
529,67,8,103101.56,154002.02,France,Male,2,1,1,1
648,43,7,81153.82,144532.85,Spain,Female,1,1,1,1
659,50,3,0.0,183399.12,France,Female,1,1,0,1
600,43,8,133379.41,177378.66,Germany,Male,1,1,0,1
495,34,9,117160.32,116069.24,Germany,Female,1,1,1,1
726,56,8,123110.9,130113.78,Spain,Female,3,0,1,1
614,40,6,0.0,20339.79,France,Male,1,1,1,1
738,44,2,0.0,43018.82,Spain,Male,2,1,0,1
744,50,1,121498.11,106061.47,Germany,Female,2,0,1,1
493,31,3,0.0,176570.28,France,Female,1,1,1,1
459,46,7,110356.42,4969.13,Germany,Male,1,1,0,1
546,74,8,114888.74,66732.63,Germany,Female,2,1,1,1
611,52,7,0.0,73585.18,Spain,Male,1,0,1,1
850,55,10,98488.08,155879.57,France,Female,1,1,0,1
637,45,2,157929.45,145134.49,Spain,Female,1,1,1,1
805,50,9,130023.38,62989.82,Germany,Male,1,1,0,1
580,45,8,103741.14,47428.73,Germany,Male,1,1,0,1
667,43,1,103018.45,32462.39,Germany,Male,1,1,0,1
665,45,5,155447.65,51871.95,Germany,Female,2,1,0,1
720,64,3,45752.78,79623.28,Spain,Male,2,1,0,1
600,49,6,0.0,148087.88,France,Female,1,0,1,1
706,53,3,0.0,88479.02,Spain,Female,3,0,0,1
785,47,9,122031.55,33823.5,France,Female,1,1,1,1
650,25,3,86605.5,16649.31,Spain,Female,3,1,0,1
606,35,7,0.0,106837.06,Spain,Male,1,1,0,1
742,55,5,155196.17,121207.66,Germany,Male,1,0,1,1
690,40,9,77641.99,189051.59,France,Female,1,0,0,1
703,45,1,0.0,182784.11,Spain,Female,1,1,0,1
762,34,4,88815.56,68562.26,Germany,Male,2,1,0,1
670,40,3,47364.45,148579.43,France,Female,1,1,1,1
580,44,9,143391.07,146891.07,Germany,Male,1,0,0,1
581,43,5,93259.57,141035.65,Germany,Female,3,1,0,1
750,40,5,168286.81,20451.99,Germany,Male,3,1,0,1
850,37,9,122506.38,199693.84,Germany,Male,1,0,1,1
666,51,2,148222.65,156953.54,France,Male,1,0,0,1
535,49,3,0.0,61820.41,France,Female,1,0,0,1
586,35,7,164769.02,119814.25,France,Female,3,1,0,1
705,54,3,125889.3,96013.5,Germany,Female,3,1,0,1
599,45,10,103583.05,132127.69,Germany,Male,1,1,0,1
722,48,10,138311.76,3472.63,Germany,Female,1,1,1,1
819,49,1,120656.86,166164.3,Germany,Female,4,0,0,1
681,42,3,118199.97,9452.88,Germany,Male,2,1,0,1
698,57,6,136325.48,72549.27,France,Male,2,1,1,1
623,46,4,0.0,5549.11,Spain,Male,1,1,0,1
584,37,10,134171.8,70927.11,Germany,Female,4,1,1,1
677,29,3,86616.35,91903.9,France,Female,1,0,0,1
544,47,5,105245.21,99922.08,Germany,Male,1,0,0,1
457,41,8,73700.12,185750.02,France,Male,3,1,1,1
702,60,5,138597.54,41536.59,Germany,Female,2,1,1,1
607,33,2,108431.87,109291.39,Spain,Female,2,0,1,1
555,42,6,107104.5,41304.44,Germany,Male,1,1,1,1
589,19,9,83495.11,143022.31,Germany,Female,1,1,1,1
620,39,9,159492.79,80582.34,Germany,Male,1,1,0,1
826,56,8,174506.1,161802.82,Spain,Female,2,0,1,1
505,33,3,106506.77,45445.78,Germany,Female,3,1,0,1
437,43,6,0.0,148330.97,France,Female,1,1,0,1
788,57,8,93716.72,180150.49,Germany,Female,1,1,1,1
434,55,6,0.0,73562.05,Spain,Male,1,0,1,1
713,32,1,117094.02,149558.83,France,Female,1,0,0,1
626,38,7,141074.59,52795.56,France,Male,1,1,0,1
734,43,3,55853.33,94811.85,Spain,Female,2,0,1,1
608,44,5,126147.84,132424.69,Germany,Female,1,0,1,1
517,59,8,154110.99,101240.08,Germany,Female,2,1,0,1
781,38,2,117810.79,65632.33,France,Male,1,0,1,1
578,38,4,113150.44,176712.59,Germany,Female,2,1,0,1
530,55,4,120905.03,123475.88,France,Female,1,0,1,1
850,49,8,98649.55,119174.88,Germany,Male,1,1,0,1
595,53,7,0.0,41371.68,France,Female,2,1,0,1
735,46,2,106344.95,114371.33,Germany,Male,1,1,0,1
718,52,8,79475.3,32421.32,France,Male,3,1,1,1
376,46,6,0.0,157333.69,France,Female,1,1,0,1
822,38,6,128289.7,9149.96,France,Male,3,1,0,1
583,54,6,115988.86,57553.98,Germany,Female,1,1,0,1
446,45,10,125191.69,128260.86,Spain,Female,1,1,1,1
762,34,8,98592.88,191790.29,Germany,Female,1,0,1,1
572,47,4,99353.42,196549.85,Germany,Male,1,1,0,1
478,38,4,171913.87,51820.87,France,Female,1,1,0,1
646,44,2,113063.83,53072.49,Germany,Female,1,0,0,1
555,44,3,105770.7,60533.96,France,Female,3,1,0,1
612,33,5,69478.57,8973.67,Spain,Male,1,1,0,1
623,45,0,0.0,196533.72,France,Male,1,1,0,1
850,42,6,84445.68,60021.34,Germany,Male,3,0,1,1
715,41,8,56214.85,92982.61,France,Female,2,0,0,1
816,38,5,130878.75,71905.77,Germany,Female,3,1,0,1
586,58,7,151933.63,162960.05,France,Male,1,1,0,1
655,41,8,125561.97,164040.94,Germany,Male,1,0,0,1
700,32,8,110923.15,161845.81,France,Female,2,1,1,1
770,33,4,0.0,26080.54,France,Female,1,1,0,1
644,50,9,76817.0,196371.13,France,Male,4,1,0,1
688,33,2,0.0,27557.18,Spain,Female,1,0,0,1
662,41,4,90350.77,75884.65,Spain,Female,1,1,0,1
618,40,0,140306.38,160618.61,Germany,Female,1,1,0,1
584,48,2,213146.2,75161.25,Spain,Female,1,1,0,1
575,47,9,107915.94,63452.18,Germany,Male,2,1,1,1
789,37,6,110689.07,71121.04,Germany,Female,1,1,1,1
779,29,3,46388.16,127939.26,France,Female,3,1,0,1
812,44,8,0.0,66926.83,Spain,Female,3,1,0,1
466,56,2,111920.13,197634.11,Germany,Female,3,1,0,1
841,52,5,0.0,183239.71,France,Female,1,0,0,1
731,47,1,115414.19,191734.67,France,Female,3,0,0,1
444,45,4,0.0,161653.5,France,Female,2,1,0,1
662,35,6,0.0,2423.9,Spain,Female,2,0,0,1
782,72,5,148666.99,2605.65,Germany,Female,1,1,0,1
845,52,0,0.0,31726.76,Spain,Female,1,1,0,1
518,50,4,0.0,107112.25,Spain,Male,1,0,0,1
638,43,3,145860.98,142763.51,France,Female,1,1,1,1
757,57,3,89079.41,53179.21,France,Male,1,1,1,1
683,30,2,0.0,100496.84,France,Female,2,0,1,1
554,55,0,108477.27,140003.0,Germany,Female,1,0,1,1
459,42,6,129634.25,177683.02,Spain,Female,2,1,1,1
527,35,8,0.0,98031.53,Spain,Female,1,1,0,1
564,44,3,111760.4,104722.47,Germany,Female,3,1,1,1
453,42,5,0.0,83008.49,Spain,Female,3,1,0,1
553,47,3,116528.15,145704.19,Spain,Male,1,0,0,1
646,50,5,142644.64,142208.5,Spain,Female,2,1,1,1
740,56,4,99097.33,85016.64,Spain,Female,1,1,1,1
571,37,9,139592.98,104152.65,Germany,Male,3,1,0,1
698,51,6,144237.91,157143.61,France,Female,4,1,0,1
539,43,3,116220.5,55803.96,Germany,Female,3,1,0,1
634,46,5,123642.36,49725.16,Germany,Female,1,1,1,1
632,44,3,133793.89,34607.14,France,Female,1,1,1,1
697,42,1,0.0,1262.83,France,Female,1,1,0,1
646,32,8,105397.8,78111.84,Germany,Male,1,1,0,1
727,36,6,140418.81,113033.73,Germany,Male,1,1,1,1
760,49,9,91502.99,117232.9,Germany,Female,1,1,0,1
545,53,5,114421.55,180598.28,Germany,Male,1,1,0,1
544,64,3,124043.8,111402.97,France,Female,1,1,1,1
535,38,2,119272.29,195896.59,France,Male,1,0,0,1
676,34,8,82909.14,91817.38,France,Female,1,1,0,1
711,38,2,129022.06,14374.86,France,Female,2,1,1,1
581,47,1,122949.14,180251.68,France,Female,1,0,0,1
475,45,0,134264.04,27822.99,France,Female,1,1,0,1
673,38,2,170061.92,134901.34,France,Female,2,0,0,1
519,38,1,114141.64,60988.21,Germany,Male,1,1,1,1
743,43,2,161807.18,93228.86,Spain,Male,2,0,1,1
618,54,4,118449.21,133573.29,Germany,Female,1,1,1,1
653,41,1,104584.11,15126.32,Germany,Male,1,1,0,1
682,35,2,181166.44,63737.19,France,Female,1,1,1,1
518,46,4,113625.93,92727.42,Germany,Male,1,0,0,1
739,32,3,102128.27,63981.37,Germany,Male,1,1,0,1
588,49,6,132623.76,36292.94,Germany,Male,3,1,0,1
645,44,8,113755.78,149756.71,Spain,Male,2,1,0,1
646,25,5,182876.88,42537.59,Spain,Male,2,1,1,1
650,55,2,140891.46,179834.45,Germany,Female,3,1,1,1
696,52,6,139781.06,27445.4,France,Male,1,1,0,1
642,56,6,103244.86,143049.72,Germany,Female,2,1,0,1
644,40,4,77270.08,115800.1,Germany,Female,2,1,1,1
528,46,9,135555.66,133146.03,Germany,Female,1,1,0,1
469,48,5,0.0,160529.71,France,Female,1,1,0,1
428,40,3,129248.11,72876.43,Germany,Female,2,1,0,1
803,42,5,0.0,196466.83,France,Male,1,1,0,1
535,50,1,140292.58,69531.22,Spain,Female,3,0,0,1
756,38,6,119208.85,169763.89,Spain,Male,1,1,0,1
619,40,10,0.0,147093.84,France,Female,1,1,1,1
443,35,9,108308.0,129031.19,France,Female,1,1,0,1
687,47,1,91219.29,158845.49,Germany,Female,1,0,0,1
383,48,8,95808.19,137702.01,Spain,Female,1,0,0,1
707,49,10,0.0,82967.97,France,Female,1,1,0,1
475,40,7,160818.08,169642.13,France,Male,1,0,1,1
635,33,1,0.0,178067.33,France,Male,3,0,0,1
802,39,7,120145.96,59497.01,France,Female,2,0,1,1
658,31,3,133003.03,146339.27,Germany,Female,1,0,1,1
560,49,4,0.0,100075.1,France,Male,1,1,1,1
684,48,3,73309.38,21228.34,France,Female,1,0,0,1
608,62,8,144976.5,175836.03,France,Female,1,0,0,1
678,49,2,116933.11,195053.58,Germany,Male,1,1,0,1
694,37,8,98218.04,182354.46,Germany,Female,2,1,0,1
711,42,3,177626.77,16392.72,Spain,Male,3,0,1,1
690,54,5,0.0,12847.61,France,Male,1,1,0,1
618,37,5,96652.86,98686.4,France,Female,1,1,0,1
833,59,1,130854.59,30722.52,Germany,Male,1,1,1,1
578,45,1,148600.91,143397.14,France,Male,1,1,0,1
693,43,1,121927.92,87994.95,Germany,Female,1,1,0,1
770,68,2,183555.24,159557.28,France,Female,1,0,0,1
598,38,1,101487.18,75959.1,Germany,Male,1,1,1,1
579,39,5,117833.3,5831.0,Germany,Female,3,0,0,1
654,40,6,0.0,183872.88,France,Male,1,0,0,1
765,56,1,0.0,13228.93,France,Female,1,1,0,1
537,59,9,0.0,103799.77,France,Male,2,0,0,1
706,47,10,144090.42,140938.95,Germany,Female,1,1,0,1
589,55,7,119961.48,65156.83,Germany,Male,1,1,0,1
756,62,3,0.0,11199.04,France,Male,1,1,1,1
564,31,5,121461.87,20432.09,Spain,Male,1,1,1,1
850,45,5,174088.3,5669.31,Spain,Female,4,1,0,1
569,34,0,151839.26,102299.81,Spain,Male,1,1,0,1
755,41,6,104817.41,126013.58,France,Male,1,1,0,1
621,46,6,141078.37,34580.8,Germany,Male,1,0,0,1
675,61,5,62055.17,166305.16,France,Female,3,1,0,1
850,62,1,124678.35,70916.0,France,Female,1,1,0,1
648,32,8,157138.99,190994.48,Germany,Female,3,1,0,1
791,44,5,0.0,123977.86,France,Female,2,1,1,1
621,40,7,0.0,131283.6,Spain,Female,2,0,1,1
605,51,9,104760.82,165574.54,France,Female,1,1,1,1
479,47,6,121797.09,5811.9,France,Male,1,0,1,1
627,39,5,124586.93,93132.61,Germany,Female,1,1,0,1
626,39,10,132287.92,51467.92,Germany,Male,3,1,1,1
535,48,5,134542.73,58203.67,Germany,Male,1,1,1,1
547,44,5,0.0,5459.07,Spain,Female,3,0,0,1
655,46,7,137145.12,115146.4,Germany,Female,1,1,0,1
634,59,3,95727.05,97939.4,Germany,Female,1,0,0,1
634,31,9,108632.48,179485.96,Spain,Male,1,1,1,1
771,50,3,105229.72,16281.68,France,Male,1,1,1,1
504,46,2,163764.84,165122.55,Spain,Female,1,1,1,1
603,32,7,0.0,198055.94,France,Male,1,1,0,1
512,41,8,145150.28,64869.32,France,Female,1,1,0,1
606,36,1,155655.46,192387.51,France,Male,1,1,1,1
536,35,8,0.0,171840.24,France,Female,1,1,0,1
418,46,9,0.0,81014.5,France,Female,1,1,1,1
680,51,5,143139.87,47795.43,Germany,Female,1,0,0,1
648,56,6,157559.59,140991.23,Spain,Female,2,1,0,1
704,27,5,147004.34,64381.33,Germany,Male,1,1,0,1
597,22,6,101528.61,70529.0,Germany,Female,1,1,0,1
717,42,5,190305.78,99347.8,Spain,Female,1,1,0,1
621,47,0,0.0,133831.37,France,Male,1,1,1,1
668,56,9,110993.79,134396.64,Germany,Male,1,1,0,1
736,50,9,116309.01,185360.4,Germany,Male,1,1,0,1
595,64,2,105736.32,89935.73,Germany,Female,1,1,1,1
434,55,8,109339.17,96405.88,Germany,Male,2,1,0,1
794,62,9,123681.32,173586.63,France,Female,3,1,0,1
516,46,1,104947.72,115789.25,France,Female,1,1,0,1
601,43,8,0.0,110916.15,France,Female,3,0,1,1
795,33,9,104552.72,120853.83,Germany,Female,1,1,1,1
533,39,2,0.0,73669.94,France,Female,1,0,1,1
629,40,2,121647.54,64849.74,Germany,Male,2,1,1,1
705,33,5,116765.7,190659.17,Germany,Female,1,0,0,1
646,50,0,104129.24,181794.86,France,Male,2,1,0,1
617,50,7,0.0,184839.7,Spain,Male,1,1,0,1
594,56,7,0.0,26215.85,France,Female,1,1,0,1
652,37,4,92208.54,197699.8,France,Female,1,0,1,1
804,50,4,0.0,8546.87,France,Female,1,1,1,1
523,39,1,143903.11,118711.75,Germany,Female,1,1,1,1
716,44,3,109528.28,27341.63,France,Female,1,1,0,1
645,47,9,152076.93,121840.2,Germany,Male,1,1,0,1
707,48,7,105086.74,180344.69,Germany,Female,1,1,1,1
609,48,1,108019.27,184524.65,France,Male,3,1,1,1
749,29,7,137059.05,102975.72,Germany,Female,3,1,0,1
625,49,4,128504.76,126812.63,Germany,Female,1,1,0,1
728,46,2,109705.52,20276.87,France,Female,1,1,0,1
697,45,1,0.0,46807.62,France,Female,2,1,0,1
599,58,4,0.0,176407.15,France,Male,1,0,0,1
663,32,8,130627.66,47161.25,Germany,Male,1,1,0,1
626,26,8,148610.41,104502.02,Spain,Female,3,0,1,1
746,58,3,0.0,80344.96,France,Male,3,1,1,1
699,22,9,99339.0,68297.61,France,Male,1,1,0,1
521,27,4,121325.84,164223.7,France,Male,1,1,1,1
753,57,7,0.0,159475.08,France,Male,1,1,0,1
627,44,6,153548.12,35300.08,France,Male,1,0,0,1
721,51,0,169312.13,109078.35,Spain,Male,1,1,0,1
538,62,3,75051.49,17682.02,France,Female,1,0,0,1
481,44,9,175303.06,65500.53,France,Male,1,1,0,1
626,44,10,81553.93,20063.63,France,Female,1,1,0,1
787,43,0,132217.45,20955.03,Germany,Male,1,1,0,1
752,48,5,116060.08,156618.38,Spain,Male,1,1,0,1
592,54,8,0.0,28737.71,France,Male,1,1,1,1
850,40,6,0.0,136985.08,France,Male,1,1,0,1
506,57,6,0.0,194421.12,France,Female,2,0,1,1
715,38,5,118590.41,5684.17,France,Female,1,1,1,1
791,33,3,0.0,144413.92,France,Female,1,1,1,1
630,40,0,118633.08,60032.46,France,Female,1,0,1,1
489,51,3,0.0,174098.28,France,Female,2,0,1,1
737,43,0,80090.93,39920.0,France,Male,1,1,0,1
647,26,8,109958.15,136592.24,Spain,Female,1,1,1,1
502,42,0,132002.7,28204.98,Germany,Female,1,0,1,1
611,61,3,131583.59,66238.23,France,Female,4,0,1,1
405,39,10,0.0,160810.85,France,Male,1,1,0,1
727,58,5,106913.43,25881.0,Germany,Male,1,1,0,1
608,56,10,129255.2,142492.04,France,Female,2,1,0,1
530,52,1,106723.28,109960.4,France,Male,1,0,0,1
823,46,3,81576.75,28370.95,Spain,Female,1,1,1,1
706,23,5,0.0,164128.41,France,Female,1,0,0,1
603,42,8,91611.12,144675.3,Spain,Female,1,0,0,1
682,38,1,116520.28,49833.5,Germany,Female,1,1,1,1
701,40,5,169742.64,153537.55,France,Male,1,1,1,1
665,51,8,0.0,38928.48,Spain,Female,1,1,1,1
667,38,6,144432.04,73963.17,France,Female,1,1,1,1
695,63,1,146202.93,126688.83,Spain,Male,1,1,1,1
568,43,9,0.0,125870.79,Spain,Female,1,1,0,1
439,52,3,96196.24,198874.52,Spain,Male,4,1,0,1
530,45,1,0.0,190663.89,France,Female,1,0,1,1
689,45,0,57784.22,197804.0,Spain,Female,1,1,0,1
847,41,3,101543.51,16025.17,Germany,Female,4,1,0,1
516,53,1,156674.2,118502.34,Germany,Female,1,1,0,1
532,52,3,110791.97,148704.77,Germany,Male,1,1,0,1
732,55,9,136576.02,3268.17,France,Male,1,0,1,1
616,43,3,120867.18,18761.92,Spain,Female,1,1,0,1
599,33,4,51690.89,111622.76,Spain,Male,1,1,0,1
734,54,3,0.0,130805.54,France,Female,1,1,0,1
751,51,7,148074.79,146411.41,Germany,Female,1,1,0,1
587,40,2,0.0,106174.7,France,Male,4,0,1,1
628,31,6,175443.75,113167.17,France,Female,1,1,0,1
553,48,3,0.0,30730.95,Spain,Female,1,0,1,1
846,41,5,0.0,3440.47,France,Female,3,1,0,1
669,51,3,88827.53,85250.77,Spain,Male,1,0,0,1
785,32,3,124493.03,52583.79,Germany,Female,2,0,1,1
771,45,0,139825.56,170984.97,Spain,Male,1,0,0,1
711,37,2,0.0,83978.86,Spain,Male,2,1,0,1
752,41,8,0.0,139844.04,France,Female,2,1,0,1
598,48,6,120682.53,30635.52,France,Male,1,1,0,1
521,34,7,70731.07,20243.97,Spain,Female,1,1,1,1
636,60,7,124447.73,141364.62,Spain,Male,1,1,1,1
730,47,7,0.0,33373.26,France,Female,1,1,0,1
835,47,5,108289.28,45859.55,Germany,Female,2,1,1,1
542,59,2,68892.77,7905.06,France,Female,2,1,0,1
682,42,0,0.0,91981.85,France,Female,1,0,1,1
726,29,7,0.0,91844.14,France,Male,2,1,1,1
542,42,1,0.0,178256.58,France,Female,1,1,1,1
408,84,8,87873.39,188484.52,France,Female,1,0,0,1
760,38,6,162888.73,91098.76,France,Male,1,1,0,1
778,29,6,150358.97,62454.01,Germany,Female,1,1,0,1
767,47,5,0.0,121964.46,Spain,Male,1,1,0,1
651,35,1,163700.78,29583.48,Germany,Female,3,1,1,1
691,58,3,0.0,194930.3,France,Male,1,0,1,1
721,45,7,138523.2,59604.45,Germany,Female,1,0,0,1
627,35,2,137852.96,172269.21,Germany,Female,1,1,1,1
534,62,2,0.0,42763.12,France,Male,2,0,0,1
686,38,2,93569.86,10137.34,Germany,Female,3,0,0,1
667,42,7,0.0,108348.94,France,Male,1,0,1,1
598,46,7,131769.04,184980.23,Germany,Female,1,0,0,1
680,24,10,0.0,154971.63,France,Female,3,1,0,1
587,46,9,107850.82,139431.0,Germany,Male,1,1,0,1
577,51,2,108867.0,140800.66,Spain,Male,1,0,0,1
742,28,2,191864.51,108457.99,France,Female,1,1,0,1
809,42,6,64497.94,182436.81,Germany,Female,3,0,1,1
538,49,9,141434.04,173779.25,Spain,Female,1,0,0,1
683,56,7,50911.21,97629.31,Spain,Male,3,0,0,1
588,30,0,110148.49,5790.9,Germany,Female,1,1,0,1
619,32,4,175406.13,172792.43,Spain,Female,2,1,1,1
546,47,8,0.0,66408.01,France,Female,1,1,1,1
850,47,10,134381.52,26812.89,Germany,Female,1,0,0,1
585,55,10,106415.57,122960.98,France,Male,3,1,1,1
622,52,9,111973.97,162756.29,Germany,Female,1,1,1,1
754,45,6,0.0,73881.68,France,Female,1,1,0,1
657,36,8,188241.05,183058.51,Spain,Male,2,0,0,1
727,40,1,93051.64,71865.31,Germany,Male,2,1,0,1
731,38,10,123711.73,171340.68,France,Female,2,1,0,1
595,46,10,0.0,73489.15,France,Male,1,1,0,1
579,56,4,99340.83,4523.74,Spain,Male,1,0,0,1
611,46,5,0.0,77677.14,France,Female,1,1,0,1
678,55,5,0.0,196794.11,France,Female,1,0,1,1
513,48,2,0.0,114709.13,Spain,Male,1,1,1,1
664,48,10,0.0,140173.17,France,Male,1,1,0,1
579,50,5,117721.02,192146.63,Germany,Female,1,0,1,1
665,63,7,104469.58,25165.36,Germany,Male,1,1,1,1
593,27,10,0.0,94620.0,Spain,Male,3,0,0,1
663,36,6,77253.5,35817.97,Germany,Female,1,0,0,1
651,34,10,148962.46,66389.43,Germany,Female,1,1,0,1
608,28,4,0.0,10899.63,Spain,Female,2,1,0,1
653,58,1,132602.88,5097.67,Germany,Male,1,1,0,1
627,24,5,102773.2,56793.02,Germany,Male,2,1,0,1
844,41,10,76319.64,141175.18,France,Female,1,1,1,1
514,43,1,95556.31,199273.98,Germany,Male,1,0,1,1
731,21,8,132312.06,106663.46,Germany,Female,1,1,0,1
766,34,6,106434.94,137995.66,Germany,Female,1,0,1,1
479,33,2,208165.53,50774.81,France,Female,1,0,0,1
651,35,8,110067.71,127678.95,Germany,Male,1,1,0,1
659,29,6,123192.12,56971.41,France,Male,1,1,1,1
526,49,2,0.0,114539.67,Spain,Male,1,1,0,1
651,45,2,165901.59,23054.51,France,Male,2,1,0,1
731,52,10,0.0,24998.75,France,Female,1,1,1,1
729,28,0,0.0,31165.06,Spain,Female,2,1,1,1
686,60,9,0.0,75246.21,France,Male,3,1,1,1
632,41,8,127205.32,93874.87,Germany,Male,4,1,0,1
753,46,3,111512.75,159576.75,Germany,Female,3,1,0,1
688,35,5,111578.18,166165.93,Germany,Male,1,0,0,1
484,55,8,149349.58,137519.92,Germany,Female,3,0,0,1
699,32,1,123906.22,127443.82,Germany,Male,3,1,1,1
616,31,3,136789.14,59346.4,France,Female,1,1,0,1
697,43,8,103409.16,66893.28,Germany,Male,1,1,0,1
478,50,2,0.0,93332.64,France,Female,1,0,1,1
610,42,6,0.0,158302.59,Spain,Male,2,1,0,1
715,37,9,105489.31,143096.49,Germany,Female,1,0,0,1
636,48,3,120568.41,190160.04,Germany,Female,1,1,0,1
792,47,0,0.0,5557.88,Spain,Male,1,1,1,1
624,54,3,116726.22,110498.1,Germany,Male,1,1,0,1
614,50,4,137104.47,127166.49,France,Male,1,1,0,1
570,50,5,129293.74,177805.44,Germany,Female,1,1,0,1
612,46,9,161450.03,96961.0,Germany,Male,1,1,1,1
672,52,8,170008.84,56407.42,France,Male,1,0,0,1
599,28,4,126833.79,60843.09,Spain,Female,2,1,0,1
710,43,2,140080.32,157908.19,Germany,Male,3,1,1,1
684,39,4,207034.96,157694.76,Spain,Male,2,0,0,1
562,57,3,0.0,6554.97,France,Female,3,1,0,1
542,54,8,105770.14,140929.98,Spain,Male,1,0,1,1
585,56,1,128472.8,186476.91,Spain,Female,1,1,0,1
535,40,7,111756.5,8128.32,Germany,Male,1,1,0,1
481,57,9,0.0,169719.35,France,Female,3,1,1,1
443,54,3,138547.97,70196.23,France,Female,1,1,1,1
616,28,10,105173.99,29835.37,Germany,Female,1,0,1,1
678,51,1,145751.03,109718.44,Germany,Female,1,0,0,1
743,41,7,0.0,163736.09,Spain,Male,1,1,0,1
365,30,0,127760.07,81537.85,Germany,Male,1,1,0,1
704,32,7,127785.17,184464.7,France,Male,4,0,0,1
637,46,2,143500.82,166996.46,Germany,Female,1,1,0,1
656,46,7,141535.52,50595.15,Germany,Female,1,1,0,1
697,32,7,175464.85,116442.42,France,Male,3,1,0,1
704,24,2,0.0,35600.25,Spain,Female,1,1,0,1
520,43,3,150805.17,25333.03,Germany,Male,3,0,1,1
616,45,6,128352.59,144000.59,Germany,Female,3,1,1,1
482,45,7,156353.46,72643.95,Germany,Male,1,1,0,1
742,36,2,129748.54,47271.61,Germany,Female,2,0,0,1
524,64,5,0.0,136079.64,Spain,Female,1,1,0,1
584,54,1,77354.37,138192.98,Germany,Female,1,0,0,1
655,40,0,81954.6,198798.44,Germany,Female,1,1,1,1
612,63,2,131629.17,122109.58,Spain,Female,2,1,0,1
642,40,6,129502.49,86099.23,Germany,Female,2,0,1,1
643,45,4,45144.43,60917.24,France,Female,1,1,0,1
581,39,1,121523.51,161655.55,Germany,Male,1,0,0,1
628,50,4,122227.71,14217.77,Germany,Male,1,0,1,1
561,27,9,135637.0,153080.4,France,Female,1,1,0,1
504,43,7,102365.49,194690.77,Germany,Female,1,1,0,1
697,49,7,195238.29,131083.56,France,Female,4,0,1,1
651,38,2,0.0,67029.82,Spain,Male,3,1,0,1
741,40,4,104784.23,135163.76,Spain,Male,1,1,0,1
622,41,2,127087.06,102402.91,France,Male,1,1,0,1
740,44,9,0.0,96528.0,France,Male,1,0,1,1
663,53,6,150200.23,151317.27,Spain,Female,1,0,1,1
740,57,3,113386.36,65121.63,Germany,Female,2,1,1,1
717,49,1,110864.38,124532.9,Spain,Female,2,1,1,1
678,55,4,129646.91,184125.1,Germany,Male,1,1,1,1
565,52,5,97720.35,175070.94,Germany,Male,2,1,0,1
702,26,5,56738.47,100442.22,France,Male,2,1,1,1
576,63,9,70655.48,78955.8,France,Male,1,0,0,1
592,70,5,71816.74,105096.82,Germany,Female,2,1,0,1
579,42,0,144386.32,22497.1,Germany,Male,1,1,1,1
554,43,10,0.0,149629.13,France,Female,2,1,0,1
551,52,1,0.0,63584.55,France,Male,1,0,0,1
850,55,7,0.0,171762.87,Spain,Female,1,0,0,1
445,48,7,168286.58,16645.77,Germany,Female,1,1,0,1
516,47,9,128298.74,149614.17,Germany,Female,1,0,0,1
798,58,9,0.0,119071.56,Spain,Female,2,0,0,1
692,31,2,0.0,91829.17,France,Female,2,1,0,1
754,65,1,136186.44,121529.59,Germany,Male,1,1,1,1
809,48,2,0.0,160976.85,Spain,Female,1,1,0,1
713,47,1,0.0,107825.08,Spain,Female,1,1,0,1
689,57,4,0.0,136649.8,Spain,Female,2,1,0,1
684,56,3,127585.98,80593.49,Germany,Female,3,1,1,1
671,47,7,114603.76,153194.32,Germany,Female,2,1,0,1
705,37,10,0.0,13935.53,France,Female,2,1,1,1
675,38,6,68065.8,138777.0,France,Female,1,0,0,1
586,60,3,47020.65,63241.21,France,Female,2,0,1,1
596,33,8,0.0,121189.3,France,Male,1,1,0,1
621,53,9,170491.84,35588.07,Spain,Male,1,1,0,1
754,61,5,146622.35,41815.22,France,Male,1,1,1,1
721,28,9,154475.54,101300.94,Germany,Male,2,0,1,1
643,45,5,0.0,142513.5,France,Male,1,1,0,1
757,43,5,131433.33,3497.43,Germany,Female,2,1,1,1
696,42,4,0.0,126353.13,France,Male,1,0,0,1
749,34,2,0.0,174189.04,Spain,Male,1,0,0,1
626,43,4,137638.69,130442.08,France,Male,1,1,0,1
590,29,10,0.0,51907.72,Spain,Male,1,1,1,1
528,39,0,127631.62,22197.8,Germany,Male,1,0,1,1
706,57,7,0.0,17941.16,Spain,Male,1,1,0,1
678,26,5,111128.04,60941.27,France,Male,1,1,0,1
521,52,5,116497.31,53793.1,Germany,Male,3,0,0,1
710,62,3,131078.42,119348.76,Spain,Male,2,1,0,1
687,38,8,69434.4,66580.13,Spain,Male,2,1,1,1
499,42,0,147187.84,14868.94,Spain,Female,1,1,1,1
604,47,4,118907.6,47777.15,Germany,Female,1,0,1,1
661,42,9,75361.44,27608.12,Spain,Female,1,1,0,1
545,37,8,114754.08,136050.44,Germany,Female,1,1,0,1
808,37,2,100431.84,35140.49,Germany,Female,1,1,0,1
713,52,0,185891.54,46369.57,France,Female,1,1,1,1
525,47,6,118560.0,82522.61,Spain,Female,1,1,0,1
466,41,3,33563.95,178994.13,France,Female,2,1,0,1
589,61,1,0.0,61108.56,France,Female,1,1,0,1
640,47,6,89799.46,13783.77,France,Female,2,0,1,1
531,31,7,117052.82,118508.09,Germany,Female,1,1,0,1
511,40,9,124401.6,198814.24,Germany,Female,1,1,0,1
492,49,8,0.0,182865.09,France,Female,1,1,1,1
682,29,6,101012.77,32589.89,Germany,Female,1,0,0,1
741,52,1,171236.3,21834.4,France,Male,2,0,0,1
644,32,8,141528.88,167087.34,Germany,Female,1,1,1,1
574,36,4,77967.5,167066.95,Spain,Male,1,1,0,1
756,39,3,100717.85,73406.04,Germany,Female,3,1,1,1
723,47,10,90450.0,103379.31,Germany,Female,2,0,0,1
707,52,7,0.0,109688.82,Spain,Female,1,1,0,1
764,39,9,138341.51,50072.94,Germany,Female,1,1,0,1
618,37,5,0.0,178705.45,France,Male,1,0,1,1
593,48,3,133903.12,85902.39,Germany,Female,2,1,1,1
811,46,9,180226.24,13464.64,France,Male,1,1,0,1
615,61,9,0.0,150227.85,Spain,Male,2,1,0,1
652,46,10,121063.8,151481.86,Germany,Male,3,1,0,1
568,40,1,99282.63,134600.94,Germany,Male,1,0,0,1
663,46,6,95439.4,21038.58,Germany,Female,1,1,1,1
692,45,6,152296.83,108040.86,Germany,Male,4,0,1,1
569,51,3,0.0,75084.96,Spain,Female,3,1,0,1
659,48,4,123593.22,82469.06,Germany,Male,2,1,0,1
750,33,3,161801.47,153288.97,Spain,Female,1,0,1,1
573,26,4,129109.02,149814.68,France,Female,1,0,0,1
431,44,2,138843.7,37688.31,Germany,Female,1,1,0,1
585,50,2,125845.66,9439.31,Germany,Male,1,1,0,1
725,47,1,104887.43,86622.56,Germany,Female,1,0,0,1
598,43,5,0.0,100722.72,France,Female,3,1,1,1
579,33,6,0.0,94993.04,Spain,Male,1,1,0,1
651,56,2,0.0,114522.68,France,Male,1,1,0,1
587,49,7,155393.98,13308.2,Germany,Female,2,1,0,1
655,59,7,0.0,88958.49,France,Female,1,1,0,1
745,55,9,110123.59,51548.14,France,Female,1,0,1,1
638,57,6,0.0,33676.48,France,Male,1,1,0,1
595,44,4,96553.52,143952.24,Germany,Female,2,1,0,1
647,52,7,130013.12,190806.36,Germany,Male,1,1,1,1
653,47,6,0.0,50695.93,France,Male,1,1,0,1
672,40,10,102980.44,1285.81,Germany,Male,1,1,0,1
739,41,8,0.0,191694.77,Spain,Female,1,1,0,1
618,56,7,0.0,142400.27,France,Male,1,1,1,1
766,47,9,129289.98,169935.46,Germany,Male,1,1,0,1
770,45,4,110765.68,26163.74,Germany,Male,1,1,0,1
680,42,7,105722.69,90558.24,Germany,Female,1,1,1,1
802,60,3,92887.06,39473.63,France,Female,1,1,0,1
745,44,0,119638.21,34265.08,Germany,Female,1,1,1,1
850,47,6,0.0,187391.02,France,Male,1,1,0,1
592,60,9,0.0,13614.01,France,Male,4,1,1,1
785,38,1,0.0,134964.85,France,Female,1,1,0,1
774,52,2,56580.93,113266.28,France,Female,1,1,0,1
753,36,7,128518.98,44567.83,France,Female,1,1,1,1
547,50,3,81290.02,177747.03,Germany,Male,3,0,1,1
834,57,8,112281.6,140225.14,Germany,Female,3,1,0,1
456,63,1,165350.61,140758.07,France,Female,2,0,0,1
350,51,10,0.0,125823.79,France,Male,1,1,1,1
529,29,4,135759.4,112813.79,Germany,Male,1,0,0,1
638,33,5,129335.65,56585.2,Germany,Female,1,1,1,1
793,32,2,0.0,193817.63,France,Male,2,1,0,1
550,38,9,140278.99,171457.06,France,Male,3,1,1,1
487,53,4,199689.49,24207.86,France,Male,1,1,1,1
790,47,10,148636.21,16119.96,France,Female,1,0,1,1
582,40,3,110150.43,191757.65,Germany,Female,1,1,1,1
731,40,5,171325.98,159718.27,Spain,Female,1,1,1,1
590,37,0,64345.21,61759.33,Spain,Female,1,0,1,1
597,35,9,0.0,73181.39,Spain,Male,3,0,1,1
840,51,1,87779.83,36687.11,Germany,Female,1,0,1,1
698,31,8,185078.26,115337.74,Spain,Female,1,0,0,1
765,43,4,148962.76,173878.87,Germany,Male,1,0,1,1
526,52,8,93590.47,21228.71,France,Male,1,0,1,1
679,43,4,0.0,115136.51,France,Female,3,1,0,1
779,55,0,133295.98,22832.71,Spain,Female,1,1,0,1
736,57,9,95295.39,28434.44,Germany,Male,1,1,0,1
792,29,4,107601.79,18922.18,Germany,Female,1,1,0,1
734,22,5,130056.23,121894.31,France,Male,1,0,0,1
645,41,2,93925.3,123982.14,Germany,Male,1,1,0,1
525,59,6,55328.4,83342.73,France,Female,1,1,0,1
523,40,2,102967.41,128702.1,France,Female,1,1,0,1
614,44,6,118715.86,133591.11,Germany,Female,1,1,0,1
584,46,6,87361.02,120376.87,Germany,Female,2,1,0,1
674,47,6,106901.94,2079.2,Germany,Male,1,1,1,1
842,44,3,141252.18,128521.16,France,Male,4,0,1,1
657,42,5,41473.33,112979.6,Spain,Male,1,1,0,1
621,50,5,0.0,191756.54,France,Female,2,1,0,1
661,42,2,178820.91,29358.57,Spain,Male,1,0,0,1
595,52,9,0.0,106340.66,France,Male,1,1,1,1
603,55,7,127723.25,139469.11,Germany,Female,2,1,0,1
763,53,4,0.0,77203.72,France,Female,1,1,0,1
850,61,1,0.0,53067.83,France,Male,1,1,0,1
607,39,8,105103.33,104721.5,Germany,Female,1,1,0,1
728,37,3,122689.51,106977.53,France,Male,2,0,0,1
629,45,7,129818.39,9217.55,Germany,Female,3,1,0,1
640,43,9,172478.15,191084.4,Spain,Male,1,1,0,1
507,36,9,118214.32,119110.03,Germany,Male,3,1,0,1
505,36,2,79951.9,174123.16,France,Female,1,0,1,1
625,51,4,124620.01,92243.94,France,Female,2,1,0,1
502,57,3,101465.31,43568.31,Germany,Female,1,1,0,1
619,46,8,62400.48,132498.39,Spain,Male,1,1,1,1
652,45,9,110827.49,153383.54,Germany,Female,1,1,1,1
572,51,8,97750.07,193014.26,Germany,Male,3,1,1,1
740,60,5,108028.08,25980.42,France,Female,2,0,0,1
704,24,7,113034.22,162503.48,Germany,Female,1,1,0,1
533,52,7,0.0,194113.99,Spain,Female,1,0,1,1
508,49,1,93817.41,132468.76,France,Male,2,1,1,1
476,34,8,111905.43,197221.81,Germany,Female,1,0,1,1
783,44,3,81811.71,164213.53,Spain,Female,1,1,0,1
580,38,1,128218.47,125953.83,Germany,Female,1,1,0,1
607,39,10,0.0,132741.13,France,Female,3,1,0,1
771,41,10,108309.0,137510.41,France,Female,4,1,1,1
532,42,1,159024.71,100982.93,France,Male,1,1,0,1
512,41,7,122403.24,37439.9,Germany,Male,1,0,1,1
625,49,6,173434.9,165580.93,France,Male,1,1,0,1
564,53,2,45472.28,41055.71,France,Female,1,1,1,1
850,35,2,128548.49,75478.95,France,Female,4,1,0,1
594,23,4,104753.84,56756.52,Germany,Female,2,1,0,1
692,29,4,0.0,76755.99,France,Male,1,1,0,1
736,24,0,0.0,109355.73,France,Female,2,1,0,1
597,39,8,162532.14,36051.46,Germany,Female,3,1,0,1
731,43,2,0.0,170034.95,France,Male,1,1,1,1
617,51,10,167273.71,93439.75,Germany,Female,1,0,0,1
642,39,8,128264.03,61792.76,Germany,Female,1,1,0,1
685,30,2,0.0,172576.43,Spain,Female,3,1,1,1
657,22,6,0.0,168412.07,Spain,Female,3,0,1,1
659,60,2,0.0,177480.45,Spain,Male,1,1,0,1
601,46,2,99786.07,32683.88,France,Male,1,1,1,1
714,46,1,0.0,152167.79,France,Male,1,1,0,1
850,45,5,103909.86,60083.11,Germany,Female,1,1,0,1
742,41,4,92805.72,73743.95,Germany,Female,1,0,1,1
612,47,6,130024.87,45750.21,Germany,Female,1,1,1,1
543,41,6,143350.41,192070.16,Germany,Male,1,1,1,1
703,56,9,0.0,85547.33,France,Male,1,0,0,1
511,48,6,149726.08,88307.87,Germany,Male,1,0,0,1
562,37,2,0.0,52525.15,France,Male,1,0,1,1
580,38,9,115442.19,128481.5,Germany,Male,2,1,0,1
652,47,0,126597.89,38798.79,Germany,Female,2,1,1,1
662,54,1,187997.15,111442.71,Spain,Female,1,0,0,1
540,31,7,0.0,183051.6,France,Female,1,0,1,1
584,50,1,0.0,152567.75,Spain,Female,1,0,1,1
667,37,5,92171.35,178106.34,Germany,Female,3,1,0,1
648,40,5,139973.65,667.66,Germany,Female,1,1,1,1
763,31,7,143966.3,140262.96,Germany,Male,2,1,1,1
722,49,3,168197.66,140765.57,France,Female,1,1,0,1
678,54,7,128914.97,191746.23,France,Male,1,0,0,1
771,51,5,135506.58,152479.64,Spain,Male,3,1,1,1
651,45,8,95922.9,84782.42,Spain,Female,1,1,0,1
765,46,8,119492.88,166896.01,Germany,Female,2,0,1,1
652,51,3,0.0,173989.47,France,Female,1,1,0,1
443,50,3,117206.3,42840.18,Germany,Male,1,1,0,1
454,50,10,92895.56,154344.0,Germany,Female,1,1,0,1
559,24,3,114739.92,85891.02,Spain,Male,1,1,0,1
691,41,8,109153.96,148848.76,Germany,Female,3,1,1,1
704,50,4,165438.26,120770.75,France,Male,1,1,0,1
777,30,4,137851.31,5008.23,France,Female,1,1,0,1
732,48,4,102962.62,120852.85,Germany,Female,1,1,0,1
524,29,3,159035.45,2705.31,Spain,Male,1,1,0,1
682,41,6,0.0,134158.09,France,Male,2,0,1,1
829,22,7,150126.44,152107.93,France,Female,1,1,0,1
746,48,5,165282.42,153786.46,France,Male,1,1,0,1
604,53,8,144453.75,190998.96,France,Male,1,1,0,1
796,56,6,94231.13,121164.6,Spain,Male,1,0,0,1
563,32,0,148326.09,191604.27,France,Female,1,1,0,1
624,34,6,0.0,582.59,Spain,Female,1,1,0,1
757,55,9,117294.12,94187.47,Spain,Female,4,1,0,1
769,34,7,137239.17,71379.92,Germany,Female,1,1,1,1
743,40,6,0.0,28280.8,France,Female,1,1,0,1
782,53,1,81571.05,182960.46,Germany,Female,1,1,0,1
564,40,4,0.0,85455.62,France,Male,1,1,0,1
480,47,8,75408.33,25887.89,Spain,Male,1,1,0,1
489,46,8,92060.06,147222.95,Germany,Female,1,1,0,1
747,43,1,130788.71,101495.0,France,Male,1,0,1,1
552,50,4,121175.56,117505.07,Germany,Male,1,1,0,1
607,62,8,108004.64,23386.77,Spain,Female,1,1,1,1
680,48,8,115115.38,139558.6,Germany,Female,1,1,0,1
649,49,2,0.0,84863.85,Spain,Female,1,1,0,1
637,39,9,137843.8,117622.8,Germany,Female,1,1,1,1
606,37,6,82373.94,172526.9,France,Male,1,0,0,1
492,52,8,125396.24,10014.72,Germany,Female,1,1,0,1
490,39,1,0.0,171060.01,France,Male,3,1,0,1
748,45,2,119852.01,73853.94,Germany,Male,1,0,0,1
850,63,8,169832.57,184107.26,France,Male,1,0,0,1
647,51,1,119741.77,54954.51,Germany,Female,2,0,0,1
527,39,4,0.0,167183.07,France,Male,2,1,0,1
646,46,4,0.0,93251.42,France,Female,3,1,0,1
798,60,6,96956.1,31907.44,France,Female,1,1,0,1
545,39,6,0.0,38410.74,Spain,Female,1,0,0,1
542,39,3,135096.77,14353.43,France,Male,1,1,1,1
607,48,4,112070.86,173568.3,France,Female,3,1,0,1
653,51,3,0.0,170426.65,France,Male,1,1,0,1
675,38,1,104016.88,22068.83,France,Female,1,0,0,1
687,44,9,0.0,103042.2,France,Female,2,0,0,1
542,35,9,127543.11,468.94,Germany,Female,2,1,0,1
629,37,10,99546.25,25136.95,France,Female,3,0,1,1
648,51,2,116574.84,4121.04,Germany,Female,1,1,0,1
570,38,1,127201.58,147168.28,Germany,Male,1,1,0,1
847,51,5,97565.74,144184.06,France,Male,1,0,0,1
628,61,1,97361.66,149922.38,Germany,Female,1,1,1,1
681,43,3,66338.68,18772.5,France,Male,1,1,1,1
639,60,5,162039.78,84361.72,France,Female,1,1,1,1
661,44,1,141136.62,189742.78,Germany,Male,1,1,0,1
773,51,4,0.0,123587.83,Spain,Male,2,0,0,1
850,36,6,143644.16,22102.25,Germany,Female,1,1,0,1
695,56,1,0.0,187734.49,Spain,Male,3,1,0,1
531,47,6,0.0,194998.34,France,Female,1,0,0,1
350,39,0,109733.2,123602.11,Germany,Male,2,0,0,1
568,46,8,150836.92,64516.8,Germany,Male,1,0,0,1
651,44,2,0.0,102530.35,France,Male,3,1,0,1
655,34,7,118028.35,51226.32,Germany,Male,1,1,0,1
647,41,4,138937.35,101617.64,France,Male,1,1,1,1
350,54,1,152677.48,191973.49,Spain,Male,1,1,1,1
487,61,5,110368.03,11384.45,Germany,Female,1,0,0,1
655,37,4,108862.76,79555.08,Germany,Female,1,1,0,1
578,31,5,102088.68,187866.21,Germany,Female,4,0,0,1
598,40,2,171178.25,137980.58,France,Female,1,1,0,1
689,40,4,78119.59,119259.34,Germany,Female,4,1,0,1
694,35,7,0.0,133570.43,Spain,Female,1,1,0,1
567,49,5,134956.02,93953.84,Germany,Female,1,1,0,1
644,46,9,95441.27,108761.05,France,Female,1,1,0,1
736,46,5,130812.91,77981.54,Germany,Male,1,1,1,1
715,41,4,94267.9,152821.12,France,Male,1,0,1,1
514,38,4,112230.38,16717.11,France,Male,1,1,0,1
662,36,4,166909.2,138871.12,France,Female,2,1,0,1
359,44,6,128747.69,146955.71,France,Female,1,1,0,1
649,45,5,92786.66,173365.9,France,Female,1,1,0,1
537,37,7,158411.95,117690.58,Germany,Female,4,1,1,1
841,52,3,112383.03,85516.37,Germany,Female,1,1,0,1
549,55,1,137592.31,116548.02,Germany,Female,2,0,1,1
644,37,6,117271.8,104217.96,France,Male,2,1,0,1
545,60,7,128981.07,176924.21,Germany,Female,1,0,1,1
636,67,7,136709.35,66753.1,Germany,Male,1,0,1,1
747,42,4,80214.36,115241.96,France,Male,1,1,0,1
758,23,5,122739.1,102460.84,Germany,Female,1,1,0,1
550,33,4,118400.91,13999.64,Germany,Male,1,0,1,1
758,61,8,125397.21,182184.09,Germany,Female,1,1,0,1
747,40,3,0.0,57817.84,France,Female,1,0,0,1
551,54,5,102994.04,176680.16,Germany,Male,1,1,0,1
680,37,10,123806.28,81776.84,France,Female,1,1,0,1
749,42,9,222267.63,101108.85,Spain,Male,1,0,0,1
741,42,6,106036.52,194686.78,France,Male,1,1,0,1
813,59,2,135078.41,187636.06,Germany,Male,1,1,0,1
850,66,0,127120.62,118929.64,Germany,Female,1,0,1,1
581,26,3,105099.45,184520.0,Germany,Female,1,1,1,1
769,45,5,126674.81,124118.71,Germany,Female,1,1,0,1
707,51,10,98438.23,70778.63,Germany,Female,1,0,0,1
628,55,7,0.0,85890.75,Spain,Female,3,1,0,1
630,50,3,129370.91,47775.34,Germany,Male,4,1,1,1
647,37,3,116509.99,149517.71,Germany,Male,1,1,1,1
613,38,9,67111.65,78566.64,Germany,Male,1,1,0,1
672,45,9,0.0,92027.69,France,Female,1,1,1,1
669,50,4,149713.61,124872.42,France,Male,3,1,1,1
739,58,1,110597.76,160122.66,Germany,Male,1,0,1,1
614,37,6,96340.81,139377.24,Germany,Female,2,1,1,1
850,55,0,98710.89,83617.17,Germany,Male,1,1,1,1
613,40,1,147856.82,107961.11,Germany,Male,3,0,0,1
678,60,10,117738.81,147489.76,France,Female,1,1,0,1
789,37,3,0.0,121883.87,France,Male,1,1,0,1
477,47,9,144900.58,61315.37,France,Male,1,1,0,1
648,54,7,118241.02,172586.89,Spain,Female,1,1,0,1
580,42,2,123331.36,103516.08,Germany,Female,1,0,0,1
693,41,9,181461.48,187929.43,Germany,Female,3,1,1,1
620,25,8,141825.88,73857.94,Germany,Female,1,1,1,1
742,43,6,97067.69,60920.03,Germany,Female,1,0,1,1
637,40,9,154309.67,125334.16,Germany,Male,1,1,1,1
789,43,8,119654.44,148412.24,Germany,Male,2,0,1,1
629,44,5,0.0,117572.59,France,Male,4,0,0,1
616,43,7,95984.21,115262.54,Germany,Female,1,0,1,1
850,51,3,109799.55,12457.76,Spain,Male,2,1,1,1
554,46,7,87603.35,96929.24,Spain,Female,3,0,1,1
762,35,1,117458.51,178361.48,Germany,Male,1,0,1,1
716,50,2,119655.77,12944.17,Germany,Male,1,1,1,1
632,48,6,126066.26,64345.61,Germany,Male,1,1,0,1
628,38,10,113525.84,46044.48,Germany,Male,1,1,0,1
558,33,0,108477.49,109096.71,France,Male,1,1,1,1
818,49,2,0.0,192298.84,France,Female,1,0,1,1
721,55,3,44020.89,65864.4,France,Female,1,1,0,1
670,31,2,57530.06,181893.31,France,Female,1,1,1,1
420,34,1,135549.9,149471.13,Germany,Female,1,0,0,1
628,39,1,115341.19,107674.3,Germany,Male,1,1,1,1
651,45,6,86714.06,85869.89,Germany,Female,1,1,0,1
634,56,3,116251.24,42429.88,Germany,Female,1,0,1,1
670,36,3,0.0,140754.19,France,Male,1,1,0,1
615,36,6,0.0,27011.8,France,Male,1,1,1,1
622,46,4,107073.27,30984.59,Spain,Female,2,1,1,1
756,26,5,155143.52,135034.57,Germany,Female,1,0,1,1
640,43,9,94752.49,184006.36,Germany,Female,1,1,0,1
521,38,5,110641.18,136507.69,France,Male,1,0,1,1
735,41,7,74135.85,11783.1,France,Male,1,1,1,1
850,39,6,206014.94,42774.84,Spain,Male,2,0,1,1
637,39,3,109698.41,88391.29,Germany,Female,1,1,1,1
479,51,1,107714.74,86128.21,Germany,Male,3,1,0,1
828,47,1,109876.82,83611.45,Spain,Male,2,1,0,1
670,43,9,111677.88,178827.3,Germany,Male,1,1,0,1
425,22,7,169649.73,136365.0,Spain,Female,2,0,1,1
625,58,10,53772.73,192072.1,France,Female,1,1,1,1
643,45,2,150842.93,2319.96,Germany,Female,1,0,1,1
432,42,9,152603.45,110265.24,France,Male,1,1,0,1
545,55,5,0.0,10034.77,France,Female,1,0,0,1
724,41,4,142880.28,185541.2,Spain,Female,3,0,0,1
760,51,2,100946.71,179614.8,France,Female,1,0,0,1
687,39,2,0.0,188150.6,Spain,Female,3,0,0,1
705,44,0,184552.12,68860.3,Spain,Male,1,1,0,1
640,39,9,131607.28,6981.43,Germany,Male,4,0,1,1
732,69,9,137453.43,110932.24,Spain,Female,1,0,1,1
386,53,1,131955.07,62514.65,Spain,Female,1,1,1,1
708,52,10,105355.81,123.07,France,Male,1,1,0,1
527,29,2,27755.97,97468.44,Spain,Female,1,1,0,1
478,48,0,83287.05,44147.95,Spain,Male,2,0,1,1
603,51,8,186825.57,93739.71,France,Male,1,1,0,1
577,44,1,152086.15,44719.5,Germany,Female,1,0,1,1
630,39,7,135483.17,140881.2,Spain,Female,1,1,0,1
619,57,3,137946.39,72467.99,Germany,Male,1,1,1,1
461,51,9,119889.84,56767.67,France,Male,1,0,0,1
632,31,3,136556.44,82152.83,Spain,Male,1,1,0,1
666,47,2,0.0,35046.97,France,Male,1,1,0,1
608,59,1,0.0,70649.64,France,Male,1,1,0,1
771,57,4,0.0,85876.67,France,Female,1,0,0,1
706,30,6,87609.68,137674.55,Spain,Male,2,0,0,1
699,54,3,111009.32,155905.79,Germany,Female,1,1,1,1
444,45,6,0.0,130009.85,France,Male,1,1,0,1
550,42,10,128707.31,63092.65,Germany,Female,1,1,0,1
596,54,0,78126.28,153482.91,Spain,Female,1,1,1,1
550,52,5,121016.23,41730.37,Germany,Male,1,1,1,1
485,29,7,182123.79,116828.51,France,Male,1,1,0,1
498,61,7,102453.26,187247.56,Germany,Male,1,1,0,1
690,43,2,166522.78,119644.59,Germany,Male,1,0,0,1
618,42,2,0.0,111097.39,France,Female,4,0,0,1
779,37,2,128389.63,6589.16,Germany,Female,1,1,1,1
573,47,4,152522.47,164038.07,Germany,Female,1,0,1,1
720,59,6,0.0,160849.43,Spain,Female,2,1,1,1
519,47,6,157296.02,147278.43,Spain,Female,2,0,0,1
812,49,8,66079.45,91556.57,Spain,Female,2,0,0,1
447,41,3,0.0,197490.39,France,Male,4,1,1,1
524,52,2,87894.26,173899.42,France,Male,1,1,0,1
708,59,2,0.0,179673.11,France,Female,1,1,0,1
608,41,3,89763.84,199304.74,Spain,Female,1,0,0,1
711,25,5,190066.54,51345.39,France,Female,1,0,0,1
708,54,8,145151.4,125311.17,Germany,Female,1,0,1,1
459,48,4,133994.52,19287.06,Germany,Male,1,1,1,1
617,58,3,119024.75,35199.24,Germany,Female,2,1,0,1
595,35,8,0.0,100015.79,Spain,Male,1,1,0,1
562,39,6,130565.02,9854.72,Germany,Female,1,1,0,1
677,56,0,119963.45,158325.87,France,Female,1,0,0,1
467,51,10,114514.71,177784.68,Germany,Male,2,1,0,1
554,54,6,108755.0,40914.32,Germany,Female,1,1,0,1
691,31,5,40915.55,126213.84,France,Female,1,1,0,1
597,46,4,0.0,58667.16,Spain,Female,2,1,0,1
667,71,4,137260.78,94433.08,Spain,Male,1,0,1,1
805,46,6,118022.06,162643.15,France,Male,3,1,0,1
630,55,2,0.0,106202.07,France,Male,1,1,1,1
772,51,9,143930.92,46675.51,Germany,Female,1,0,1,1
618,48,7,0.0,13921.82,France,Male,1,1,0,1
561,43,4,0.0,18522.91,France,Male,4,0,0,1
682,55,9,0.0,153356.8,France,Male,1,1,0,1
577,43,3,127940.47,125140.72,Germany,Female,1,0,0,1
640,63,2,68432.45,112503.24,France,Male,2,1,1,1
598,64,1,0.0,195635.3,France,Male,2,1,0,1
643,51,2,105229.53,34967.75,France,Female,1,1,0,1
673,43,5,168069.73,146992.24,France,Female,1,1,1,1
588,44,8,154409.74,49324.03,France,Male,1,1,0,1
592,38,0,0.0,65986.48,Spain,Male,1,1,0,1
819,39,9,133102.92,27046.46,France,Female,1,1,0,1
661,37,7,109908.06,115037.67,Germany,Male,2,1,0,1
748,49,7,29602.08,163550.58,France,Female,1,0,0,1
724,40,10,0.0,127847.25,France,Male,1,1,0,1
833,32,6,0.0,44323.22,Spain,Male,1,1,1,1
775,52,8,109922.61,96823.32,France,Male,1,1,1,1
556,51,8,61354.14,198810.65,France,Female,1,1,0,1
774,53,4,113709.28,153887.93,France,Male,1,1,1,1
710,47,5,158623.14,83499.89,France,Male,1,0,0,1
415,46,9,134950.19,178587.36,France,Male,3,0,0,1
544,44,2,108895.93,69228.2,Germany,Male,1,0,0,1
575,49,7,121205.15,168080.53,Germany,Male,4,1,1,1
534,55,8,116973.26,122066.5,France,Female,3,1,0,1
758,68,6,112595.85,35865.44,Germany,Male,1,1,0,1
567,54,5,92316.31,158590.66,Spain,Female,2,1,0,1
665,37,3,111911.63,110359.68,Germany,Female,1,1,1,1
826,49,0,0.0,178709.98,France,Female,1,0,0,1
599,46,9,123444.72,31368.08,Germany,Male,1,1,1,1
631,37,8,138292.64,152422.91,Germany,Male,2,0,0,1
637,63,5,0.0,28092.77,France,Female,1,1,0,1
445,62,1,64119.38,76569.64,Spain,Male,1,1,1,1
681,49,8,142946.18,187280.51,Germany,Male,1,0,0,1
627,55,2,159441.27,100686.11,France,Female,1,1,0,1
731,43,9,79120.27,548.52,Germany,Female,1,0,0,1
693,38,3,0.0,78133.48,France,Female,2,0,0,1
657,57,8,107174.58,126369.55,Germany,Male,1,1,1,1
842,35,9,119948.09,48217.97,Germany,Female,1,1,0,1
674,34,2,152797.9,175709.4,Germany,Male,1,1,0,1
505,45,9,131355.3,195395.33,Spain,Female,3,1,0,1
515,45,7,120961.5,39288.11,Germany,Male,3,1,1,1
612,52,5,144772.69,98302.57,Spain,Female,1,0,0,1
552,42,9,133701.07,101069.71,France,Male,2,1,0,1
823,53,4,124954.94,131259.6,Germany,Female,1,0,1,1
587,45,8,134980.74,123309.57,Germany,Female,1,1,1,1
608,50,6,0.0,93568.77,France,Male,1,1,0,1
537,45,7,158621.04,120892.96,France,Female,1,1,0,1
712,52,9,0.0,117977.45,Spain,Male,1,1,1,1
829,28,3,132405.52,104889.2,Germany,Male,3,1,0,1
705,44,10,106731.58,137419.87,Germany,Female,1,1,0,1
669,44,8,96418.09,131609.48,France,Female,1,0,0,1
580,56,1,131368.3,106918.67,France,Female,1,1,0,1
624,45,3,68639.57,168002.31,France,Female,1,1,0,1
666,53,5,64646.7,128019.48,France,Male,1,1,0,1
691,36,7,129934.64,75664.56,Spain,Male,1,0,0,1
820,39,1,104614.29,61538.43,France,Female,1,1,0,1
705,40,5,203715.15,179978.68,Spain,Female,1,1,0,1
684,38,3,134168.5,3966.5,Spain,Female,3,1,0,1
754,48,7,141819.02,93550.53,Germany,Female,1,1,0,1
602,53,5,98268.84,45038.29,Germany,Female,1,0,1,1
542,38,8,65942.26,68093.23,France,Male,1,1,1,1
693,35,5,124151.09,88705.14,France,Female,1,1,0,1
549,52,1,0.0,8636.05,France,Female,1,0,1,1
703,37,1,149762.08,20629.4,France,Male,1,1,0,1
707,48,8,88441.64,119903.2,Spain,Male,1,1,1,1
807,42,1,0.0,16500.66,Spain,Female,1,1,0,1
676,48,2,124442.38,15068.53,Germany,Female,1,1,0,1
743,48,5,118207.69,186489.14,Spain,Female,2,0,0,1
777,58,4,0.0,62449.07,France,Female,1,1,1,1
741,43,0,0.0,2920.63,Spain,Male,2,1,1,1
723,52,5,131694.97,92873.5,Germany,Male,1,0,1,1
586,28,5,0.0,170487.4,France,Female,3,1,0,1
700,46,5,95872.86,98273.01,France,Male,1,1,0,1
511,46,1,0.0,115779.48,France,Female,1,1,1,1
563,42,6,99056.22,154347.95,Spain,Female,2,1,0,1
549,39,7,0.0,81259.25,Spain,Female,1,0,0,1
586,43,8,132558.26,67046.83,France,Female,1,1,0,1
700,59,5,137648.41,142977.05,Germany,Female,1,1,0,1
739,40,5,149131.03,60036.99,Germany,Male,3,1,1,1
614,46,4,0.0,74379.57,France,Male,1,1,0,1
515,58,2,131852.81,81436.68,France,Female,1,1,0,1
768,26,5,51116.26,70454.79,France,Female,1,1,1,1
666,43,7,137780.74,119100.05,France,Male,2,1,1,1
669,35,7,0.0,49108.23,France,Female,1,1,1,1
687,44,7,0.0,155853.52,Spain,Female,3,1,0,1
704,39,1,124640.51,116511.12,Germany,Female,1,1,0,1
601,43,2,0.0,49713.87,France,Female,1,1,0,1
679,47,10,198546.1,191198.92,France,Male,2,1,0,1
590,43,7,81076.8,182627.25,France,Male,2,1,1,1
600,58,8,118723.11,6209.51,Germany,Female,1,0,0,1
572,39,4,112290.22,49373.97,Germany,Male,1,1,0,1
475,39,6,0.0,56999.9,France,Male,1,1,1,1
726,48,4,0.0,114020.06,France,Female,1,1,0,1
515,37,2,90432.92,188366.04,Germany,Male,1,1,1,1
850,45,1,121874.89,6865.41,Germany,Female,1,0,0,1
788,55,3,0.0,13288.46,France,Male,1,0,1,1
695,50,8,0.0,126381.6,France,Female,1,1,0,1
548,49,9,108437.89,127022.87,Germany,Male,1,0,0,1
624,71,4,170252.05,73679.59,France,Female,3,1,1,1
460,40,6,119507.58,91560.63,Germany,Female,2,1,0,1
667,56,8,137464.04,130846.79,Germany,Female,1,1,0,1
645,59,8,121669.93,91.75,Germany,Female,2,0,0,1
781,48,0,57098.96,85644.06,France,Female,1,1,0,1
684,40,2,70291.02,115468.84,Spain,Male,1,1,1,1
705,35,5,0.0,133991.11,France,Female,1,1,0,1
674,18,7,0.0,55753.12,France,Male,2,1,1,1
733,34,3,100337.96,48559.19,Germany,Male,3,1,0,1
730,39,6,140094.59,172450.04,Spain,Female,1,1,0,1
653,60,2,120731.39,138160.11,France,Female,4,1,1,1
678,43,1,133237.21,111032.79,France,Male,1,1,0,1
435,54,3,0.0,156910.46,France,Male,1,1,0,1
350,40,0,111098.85,172321.21,France,Female,1,1,1,1
697,62,7,0.0,129188.18,Spain,Male,1,1,0,1
780,37,3,0.0,182156.81,France,Female,2,0,0,1
602,56,3,115895.22,4176.17,France,Female,3,1,0,1
654,32,9,121455.65,190068.53,France,Male,1,1,0,1
727,71,8,0.0,198446.91,Spain,Male,1,1,1,1
591,40,1,86376.29,136767.16,Spain,Female,1,0,1,1
687,61,7,80538.56,131305.37,France,Female,1,1,0,1
751,48,4,0.0,30165.06,France,Female,1,0,1,1
675,54,2,0.0,149583.67,France,Male,1,1,0,1
760,37,7,0.0,32863.24,France,Male,1,0,0,1
591,39,3,0.0,140469.38,Spain,Female,3,1,0,1
565,55,4,118803.35,128124.7,France,Male,2,1,1,1
719,42,5,137227.04,149097.38,Germany,Female,3,1,0,1
838,40,6,61671.19,150659.35,Spain,Female,1,0,1,1
476,37,4,0.0,55775.84,France,Male,1,1,1,1
672,40,3,0.0,113171.61,France,Female,1,1,0,1
724,48,6,110463.25,80552.11,Germany,Female,2,1,1,1
586,46,0,0.0,131553.82,France,Female,3,0,1,1
547,39,6,74596.15,85746.52,Germany,Female,3,1,1,1
616,41,1,103560.57,236.45,Germany,Female,1,1,0,1
625,36,3,0.0,41295.1,France,Female,2,1,0,1
727,59,5,152581.06,71830.1,Germany,Male,1,1,0,1
492,48,6,127253.98,92144.09,France,Female,1,1,1,1
744,46,1,0.0,177431.59,Spain,Female,3,1,1,1
558,39,10,144757.02,22878.16,Germany,Male,1,1,0,1
537,47,6,103163.35,16259.64,Germany,Female,1,1,0,1
644,46,6,12459.19,156787.34,Spain,Female,1,0,0,1
619,42,8,132796.04,191821.35,Germany,Female,3,1,1,1
477,57,9,114023.64,71167.17,France,Female,2,1,1,1
594,53,4,0.0,5408.74,France,Female,1,1,0,1
596,48,2,131326.47,1140.02,Germany,Male,1,0,0,1
850,33,10,0.0,4861.72,France,Male,1,1,0,1
637,50,4,126345.55,17323.0,Germany,Male,1,0,1,1
716,66,5,121411.9,10070.4,Germany,Male,1,0,0,1
434,58,9,125801.03,60891.8,Germany,Female,2,1,0,1
541,39,9,100116.67,199808.1,Germany,Female,1,1,1,1
850,51,4,124425.99,118545.49,Germany,Male,1,0,0,1
589,37,7,85146.48,86490.09,France,Male,2,1,0,1
512,36,1,0.0,135482.26,Spain,Male,1,0,1,1
622,34,7,98675.74,138906.85,Germany,Female,1,1,0,1
698,50,1,0.0,88566.9,Spain,Female,4,1,0,1
835,23,9,0.0,19793.73,France,Male,1,1,0,1
626,44,2,0.0,173117.22,France,Female,1,0,1,1
613,51,7,147262.11,53630.9,Germany,Female,1,1,1,1
705,56,2,143249.67,88428.41,Germany,Female,1,1,0,1
544,26,6,0.0,100200.4,France,Female,1,1,0,1
751,50,2,96888.39,77206.25,Germany,Male,1,1,0,1
774,60,5,85891.55,74135.48,France,Male,1,1,0,1
799,31,9,154586.92,88604.89,Germany,Male,1,0,1,1
636,49,6,113599.74,158887.09,Germany,Male,2,1,0,1
708,43,0,118994.84,181499.77,Germany,Female,1,1,0,1
632,23,3,122478.51,147230.77,Germany,Male,1,1,0,1
662,32,4,133950.37,48725.68,France,Female,1,1,1,1
593,62,3,118233.81,24765.53,Germany,Female,1,0,1,1
735,53,8,123845.36,170454.93,France,Female,2,0,1,1
632,37,1,138207.08,60778.11,Spain,Male,1,1,0,1
753,51,4,79811.72,68260.27,Spain,Male,2,0,1,1
649,32,1,0.0,91167.19,Spain,Male,1,0,1,1
758,52,7,125095.94,171189.83,France,Female,1,1,0,1
817,46,0,89087.89,87941.85,Germany,Female,1,0,1,1
694,31,6,109052.59,19448.93,Germany,Male,2,1,1,1
705,48,1,156848.13,99475.95,Germany,Female,2,1,1,1
768,42,3,0.0,161242.99,Spain,Female,1,0,0,1
646,42,3,175159.9,67124.48,France,Female,2,0,0,1
750,34,9,112822.26,150401.53,Spain,Female,1,0,0,1
586,36,5,103700.69,194072.56,Germany,Female,1,1,0,1
850,42,8,119839.69,51016.02,Germany,Male,1,0,1,1
524,31,8,107818.63,199725.39,Germany,Female,1,1,0,1
598,60,4,0.0,197727.14,France,Male,1,1,0,1
637,49,2,108204.52,169037.84,Germany,Male,1,1,0,1
644,51,4,95560.04,72628.84,Germany,Female,1,0,0,1
615,58,3,72309.3,85687.09,Germany,Male,1,1,1,1
627,44,5,0.0,82969.61,France,Female,2,1,0,1
610,57,7,72092.95,113228.82,France,Female,4,0,1,1
605,56,1,74129.18,62199.78,Germany,Female,2,1,1,1
720,44,3,86102.27,180134.88,France,Male,1,1,0,1
850,56,1,169743.83,155850.4,Germany,Male,1,0,0,1
769,34,7,115101.5,57841.89,Germany,Male,1,0,0,1
600,37,4,0.0,7312.25,France,Female,3,1,0,1
850,43,0,108508.82,184044.8,Germany,Male,3,1,0,1
678,32,4,139626.01,118235.52,Germany,Male,1,1,1,1
584,59,1,0.0,130260.11,Spain,Female,1,0,1,1
598,50,5,88379.81,64157.24,Germany,Female,3,0,1,1
663,49,7,116150.65,84358.71,Germany,Male,3,1,1,1
494,41,2,69974.66,188426.13,Spain,Female,2,1,0,1
688,38,7,148045.68,175479.92,France,Male,1,1,0,1
602,39,6,154121.32,176614.86,France,Female,2,1,0,1
608,45,4,0.0,36697.48,Spain,Male,2,0,0,1
666,44,2,122314.5,68574.88,Germany,Female,1,0,0,1
529,46,8,0.0,126511.94,France,Male,1,0,0,1
479,35,9,92833.89,99449.86,Germany,Male,1,1,0,1
748,39,9,132865.56,59636.43,France,Female,1,1,1,1
635,53,8,117005.55,123646.57,Germany,Male,1,0,1,1
709,43,8,0.0,168035.62,France,Female,2,0,0,1
480,44,10,129608.57,5472.7,Germany,Male,1,1,0,1
577,43,8,79757.21,135650.72,Spain,Male,1,1,0,1
547,42,1,142703.4,86207.49,Germany,Female,1,1,0,1
564,33,2,115761.51,112350.21,Germany,Female,1,0,1,1
547,55,4,111362.76,16922.28,Germany,Male,3,1,0,1
617,39,5,83348.89,7953.62,Germany,Female,3,1,0,1
504,44,0,131873.07,158036.72,Germany,Female,2,1,1,1
610,69,5,86038.21,192743.06,Germany,Female,3,0,0,1
694,58,1,143212.22,102628.56,Germany,Female,1,0,0,1
727,61,0,128213.96,188729.08,France,Male,2,1,1,1
559,49,2,147069.78,120540.83,France,Male,1,1,0,1
650,64,7,142028.36,32275.09,France,Female,1,1,0,1
839,51,3,0.0,69101.23,France,Female,1,1,1,1
764,48,1,75990.97,158323.81,Spain,Female,1,1,0,1
705,37,3,109974.22,36320.87,Germany,Female,1,1,1,1
716,39,10,115301.31,43527.4,Germany,Female,1,1,0,1
692,36,4,0.0,185580.89,France,Female,1,1,0,1
